app_name,primary_category,sentiment_label,text,author,subreddit,permalink
Couple Joy,👫 Влияние на отношения,positive,"Need help finding couple apps!! hey reddit i really need help 😞😞 i’ve bee trying to find this couple app that my cousin and her ex boyfriend used while they were together, it was such a cute app but the only memory i have of it was from some instagram reel and that it could track how long you’ve been together, it also had buttons to send your partner kisses/ tell them you need attention, it also had this really funny kinky notification button and anxiety button. Im on the hunt for this app but i keep getting the same suggestion cozy app, couple joy, etc its not either of those if anyone could help me find this all that would be AMAZING. submitted by /u/zombiigut to r/LongDistance [link] [comments]",zombiigut,LongDistance,https://www.reddit.com/r/LongDistance/comments/1q9la8p/need_help_finding_couple_apps/
Couple Joy,💬 Общение / Коммуникация,positive,"Do you remember something more? Colour scheme, shared companion etc. Did it have daily questions, shared journal or anything like that? Was it on android?",Deynonn,LongDistance,https://www.reddit.com/r/LongDistance/comments/1q9la8p/need_help_finding_couple_apps/
Couple Joy,📝 Без категории,positive,"Could it be Sumone or Love8? Both are very cute apps, but I don’t think either has an “anxiety button.”",Interesting_Novel334,LongDistance,https://www.reddit.com/r/LongDistance/comments/1q9la8p/need_help_finding_couple_apps/
Couple Joy,👫 Влияние на отношения,positive,"[PAID] $100 for ~30 Min Interview: Seeking UGC Creators for Couple/Widget Apps We are a product development team looking to conduct paid user research interviews with authentic UGC creators who have experience making content for apps in the couple, widget, relationship, or long-distance niche. This is a casual, one-on-one virtual interview focused on your creative process, how you approach the brief, what works best for organic content in this space, and your experience working with app clients. Opportunity Details: Pay : $100 USD (via PayPal, Wise, or preferred method) Time Commitment: Approximately 30 minutes for the recorded interview. Format: Video call via Google Meet or Zoom. What we're looking for: Creators who have experience with creating content for, apps that are in the relationship niche, or utilize widgets to advertise the app. We will pay you $20 extra if you worked for Couple Joy, Candle, TWY, Locket or Widgetable . Please be prepared to show proof that you worked for an app in the couple or widget space, or we can't pay you. If your interested, please use this google forms link to directly apply, and we will reach out to you with an interview in the next 48 hours 👇👇👇 Apply here 👇👇👇 https://docs.google.com/forms/d/e/1FAIpQLScBQQOLR6q5fcJ8MlJzHcQPF7yKAkI3B5wIXefFsBVqdDwerA/viewform?usp=header submitted by /u/couple-ugc-app-20201 to r/UGCForBrands [link] [comments]",couple-ugc-app-20201,UGCForBrands,https://www.reddit.com/r/UGCForBrands/comments/1p0yckr/paid_100_for_30_min_interview_seeking_ugc/
Couple Joy,📝 Без категории,neutral,"Hey! Just applied, I look forward to hearing from you🤍",Sufficient-Inside605,UGCForBrands,https://www.reddit.com/r/UGCForBrands/comments/1p0yckr/paid_100_for_30_min_interview_seeking_ugc/
Couple Joy,💰 Цена / Подписка,positive,"I’ve created UGC for a couple of apps and I usually keep my portfolio on Collabstr it’s where I get most of my paid briefs. If anyone here makes niche app content, having a profile there helps a lot.",MohammadAbir,UGCForBrands,https://www.reddit.com/r/UGCForBrands/comments/1p0yckr/paid_100_for_30_min_interview_seeking_ugc/
Couple Joy,👫 Влияние на отношения,positive,"I looked into formats that succeed on TikTok Hi there, I used to make the classic mistake of building a product before even thinking about how to market it. After learning my lesson, I started working backward from TikTok—figuring out what kinds of videos might work before I began product development. But then I ran into a new problem: it was tough to find formats that consistently succeeded on TikTok. So, I dug into a bunch of posts and came across three formats that are both easy to copy and have the potential to go viral: Carousel Posts Examples: flamingo.cards, astroscope They’ve been able to repeatedly go viral with nothing but carousel posts—super impressive. POV-Style Posts Simple UGC video + product video + “POV…” text Example: CoupleJoy Looks like a solid format that could work well. Step-by-Step App Instructions Example: CalAI A straightforward format that anyone can pull off. Since it was such a hassle to find TikToks focused on “successful products” like these, I decided to turn it into a fun little project and made a website: https://growthtok.webflow.io/ I’d love to hear what you think! And yeah, it’s free. submitted by /u/Popeeeeee777 to r/indiehackers [link] [comments]",Popeeeeee777,indiehackers,https://www.reddit.com/r/indiehackers/comments/1j8t1yk/i_looked_into_formats_that_succeed_on_tiktok/
Couple Joy,👫 Влияние на отношения,positive,"Free Apps Like Couple Joy for Long-Distance Couples? My boyfriend and I are in a long-distance relationship, and we were looking for an app to stay connected. We tried downloading Couple Joy, but we realized you have to pay for it, and we’d prefer something free. Are there any free apps with similar features that work well for long-distance couples? Any recommendations would be appreciated! submitted by /u/Elegant_Minute9236 to r/apps [link] [comments]",Elegant_Minute9236,apps,https://www.reddit.com/r/apps/comments/1jk7p3w/free_apps_like_couple_joy_for_longdistance_couples/
Couple Joy,💰 Цена / Подписка,positive,"I am creating one, which has a free plan and is financed by ads. The pro version will be a cheap one-time payment option or do you guys have alternative ideas for the payment. Give me 5-6 weeks.",Livid_Brick6088,apps,https://www.reddit.com/r/apps/comments/1jk7p3w/free_apps_like_couple_joy_for_longdistance_couples/
Couple Joy,💰 Цена / Подписка,positive,Couple Joy app is amazing! It’s totally worth the money! They offer discounts from time to time,CosminZoRR,apps,https://www.reddit.com/r/apps/comments/1jk7p3w/free_apps_like_couple_joy_for_longdistance_couples/
Couple Joy,💬 Общение / Коммуникация,positive,"Due to your account being too new, your post has automatically been removed. In order to cut down on spam, your post will not be unremoved . Please wait until your account is older and then feel free to try and post again. I am a bot, and this action was performed automatically. Please contact the moderators of this subreddit if you have any questions or concerns.",AutoModerator,apps,https://www.reddit.com/r/apps/comments/1jk7p3w/free_apps_like_couple_joy_for_longdistance_couples/
Couple Joy,💰 Цена / Подписка,positive,"I’ve tried an app called “Memories.” It has in-app purchases, but I think it’s still quite usable even without a subscription. The app lets you record your relationship days, has cute lock screen and home widgets, and even a couple’s house where you can decorate together and raise pets.",Own_Entrance_7122,apps,https://www.reddit.com/r/apps/comments/1jk7p3w/free_apps_like_couple_joy_for_longdistance_couples/
Couple Joy,💬 Общение / Коммуникация,negative,"loverzz app! it's not free but tons of features to feel connected (lockscreen and homescreen widgets, journal, games, advent calendar)",avalanche-43,apps,https://www.reddit.com/r/apps/comments/1jk7p3w/free_apps_like_couple_joy_for_longdistance_couples/
Couple Joy,👫 Влияние на отношения,positive,How UConn basketball gave a CT couple joy and strength through heartbreak submitted by /u/-ctinsider to r/UConnBasketball [link] [comments],-ctinsider,UConnBasketball,https://www.reddit.com/r/UConnBasketball/comments/1oe1zvr/how_uconn_basketball_gave_a_ct_couple_joy_and/
Couple Joy,❤️ Близость / Интимность,positive,"What a compelling story in so many ways. The U Conn family has great loyalty and appreciation of the hard work players, coaches and staff put in day after day - even out of season. That there are poignant stories in U Conn’s huge fan base goes without saying. That U Conn’s sports teams (well, mainly basketball teams) helped so many fans through the challenging COVID years and continue to do so is a huge testimony to all involved.",WUMSDoc,UConnBasketball,https://www.reddit.com/r/UConnBasketball/comments/1oe1zvr/how_uconn_basketball_gave_a_ct_couple_joy_and/
Couple Joy,💬 Общение / Коммуникация,positive,Best mobile apps that’s kinda like Paired / Couple Joy? I’ve seen apps like paired and couple joy that you can use to talk and have a connection over long distance. Does anyone have any recommendations for apps like that? What do you like / dislike? We're both on ios. submitted by /u/avalanche-43 to r/LongDistance [link] [comments],avalanche-43,LongDistance,https://www.reddit.com/r/LongDistance/comments/1lweep0/best_mobile_apps_thats_kinda_like_paired_couple/
Couple Joy,📝 Без категории,neutral,Have you tried?,avalanche-43,LongDistance,https://www.reddit.com/r/LongDistance/comments/1lweep0/best_mobile_apps_thats_kinda_like_paired_couple/
Couple Joy,💰 Цена / Подписка,positive,"Yeah, it has a decent amount of free stuff. I’m cheap, I would never pay for those apps.",Wes_709,LongDistance,https://www.reddit.com/r/LongDistance/comments/1lweep0/best_mobile_apps_thats_kinda_like_paired_couple/
Couple Joy,📝 Без категории,negative,For what apps do you usually pay?,Hot_Restaurant_8617,LongDistance,https://www.reddit.com/r/LongDistance/comments/1lweep0/best_mobile_apps_thats_kinda_like_paired_couple/
Couple Joy,🎯 Активности / Игры / Квизы,positive,It's like mini-games / questions that couple can play when they're not together,avalanche-43,LongDistance,https://www.reddit.com/r/LongDistance/comments/1lweep0/best_mobile_apps_thats_kinda_like_paired_couple/
Couple Joy,💬 Общение / Коммуникация,positive,"This comment has been removed because your account is less than 24 hours old. This is something we do to combat spam. Please repost your comment after your account is over 24 hours old. Do not message the moderators to have it approved. I am a bot, and this action was performed automatically. Please contact the moderators of this subreddit if you have any questions or concerns.",AutoModerator,LongDistance,https://www.reddit.com/r/LongDistance/comments/1lweep0/best_mobile_apps_thats_kinda_like_paired_couple/
Couple Joy,👫 Влияние на отношения,positive,Nothing is better than couple joy. BondBeyond also good,WillowNo2687,LongDistance,https://www.reddit.com/r/LongDistance/comments/1lweep0/best_mobile_apps_thats_kinda_like_paired_couple/
Couple Joy,💬 Общение / Коммуникация,positive,I've recently started using Paired with my LD partner and it's helped us talk about things that we don't typically do. We have an amazing foundation with communication and our openness already but it's helped us talk about things that may not have come up otherwise because they don't seem like a big deal. There're also some pretty fun games as well that have brought up interesting conversations too. If you want try it I just got some codes for 30 days of free premium if anyone is interested: Here's a free 30-day Golden Ticket to try it out: https://www.getpaired.com/gt/RGE3Q2I5dXhkVmVONHk0YW1HVUZkSUlCQlY4Mw== We also use Spicer which is more of the sexual side (maybe more kink leaning honestly) which I find is good at understanding sexual likes/dislikes for each other. Helpful if you or your partner aren't as open about that stuff for whatever reason.,MonteeSaurusRex,LongDistance,https://www.reddit.com/r/LongDistance/comments/1lweep0/best_mobile_apps_thats_kinda_like_paired_couple/
Couple Joy,💰 Цена / Подписка,positive,Hab mal Whyzper probiert. Ist ziemlich cool und auch in der Free Version schon ziemlich umfangreich. https://apps.apple.com/de/app/whyzper-app-f%C3%BCr-paare/id6746337720,joeyboombang1233,LongDistance,https://www.reddit.com/r/LongDistance/comments/1lweep0/best_mobile_apps_thats_kinda_like_paired_couple/
Couple Joy,🎯 Активности / Игры / Квизы,positive,"So in the end I've built my own if anyone is interested: https://loverzz.app/ Mini-games, cute widgets, drawings, everything my gf and I really wanted",avalanche-43,LongDistance,https://www.reddit.com/r/LongDistance/comments/1lweep0/best_mobile_apps_thats_kinda_like_paired_couple/
Couple Joy,💰 Цена / Подписка,positive,"Couple joy Can someone mod 'Couple Joy' app or if anyone knows where I can download the modded version, plz tell me. I wanna try this app but I find it costly, so I'm searching for the modded version. submitted by /u/21plz to r/moddedandroidapps [link] [comments]",21plz,moddedandroidapps,https://www.reddit.com/r/moddedandroidapps/comments/1p1p3u8/couple_joy/
Couple Joy,👫 Влияние на отношения,positive,[National] - Valentine's Day surprise for young veteran couple joyfully delivered by Muggsy Bogues and Veterans United submitted by /u/AutoNewsAdmin to r/FOXauto [link] [comments],AutoNewsAdmin,FOXauto,https://www.reddit.com/r/FOXauto/comments/ssm8h2/national_valentines_day_surprise_for_young/
Couple Joy,💰 Цена / Подписка,positive,Counting On’s Joy-Anna Duggar and Austin Forsyth Purchase a Fixer-Upper RV: Take a Tour! New whip alert! Counting On couple Joy-A... submitted by /u/celebnationofficial to u/celebnationofficial [link] [comments],celebnationofficial,u/celebnationofficial,https://www.reddit.com/r/u_celebnationofficial/comments/lrqsnj/counting_ons_joyanna_duggar_and_austin_forsyth/
Paired,❤️ Близость / Интимность,positive,"Paired App or similar? So had a chat with my wife this evening as we spent another evening doing our own thing in our separate bedrooms.. I said I get you aren't interested in sex but at the moment, we are little more than housemates at times, if there is no sex I at least need companionship... so anyway, she agreed we need to do better and we had a good chat about it.. and one of her solutions, which we are going to try, is to use an app called Paired which is meant to help build/rebuild sex and intimacy (among other things) in a relationship. Has anyone tried anything like this? (For background, together 16 years, DB since child was born 7 years ago, but best friends committed to doing life together what ever that might look like) submitted by /u/TopAccomplished8501 to r/DeadBedrooms [link] [comments]",TopAccomplished8501,DeadBedrooms,https://www.reddit.com/r/DeadBedrooms/comments/1hsoi5i/paired_app_or_similar/
Paired,👫 Влияние на отношения,positive,"Me and my wife used this app for several months, and it really did help us learn things about eachother and our perspectives and we have been together a bit longer than you and your partner.",JCMidwest,DeadBedrooms,https://www.reddit.com/r/DeadBedrooms/comments/1hsoi5i/paired_app_or_similar/
Paired,👫 Влияние на отношения,positive,Can I ask why did you stop using it? And did it help with DB at all or more just general relationship stuff?,TopAccomplished8501,DeadBedrooms,https://www.reddit.com/r/DeadBedrooms/comments/1hsoi5i/paired_app_or_similar/
Paired,❤️ Близость / Интимность,positive,"our bedroom hasn't been dead for many years now, can't really way in on that portion of it. We stopped using it simply because we weren't consistent and didn't want it to feel like a task. I may try to get back to it now that the holidays are over, we had a lot of external factors impacting our lives this past year",JCMidwest,DeadBedrooms,https://www.reddit.com/r/DeadBedrooms/comments/1hsoi5i/paired_app_or_similar/
Paired,📝 Без категории,positive,"Cool, makes sense.. many apps are like that.. interesting to start with then they aren't",TopAccomplished8501,DeadBedrooms,https://www.reddit.com/r/DeadBedrooms/comments/1hsoi5i/paired_app_or_similar/
Paired,💰 Цена / Подписка,positive,"Given that you're a long-term user on this reddit and I often value your replies to posters, may I ask for a quick run down on the app? I'm thinking about giving it a go. Is the content good for free, or do you need the in-app purchases, etc? I'll ask or couples therapist if it's something that may help my wife and I.",DB_NiceGuy-DIY,DeadBedrooms,https://www.reddit.com/r/DeadBedrooms/comments/1hsoi5i/paired_app_or_similar/
Paired,❤️ Близость / Интимность,positive,"I did do the premium, I believe you get all the same stuff but the free version limits how often you can do things. We mostly did the ""games"" which are multiple choice questions you answer about your partner and/or yourself and the app compares the answers to show how well you matched up. some examples of questions: ""Your partner would prefer to talk about work..."" A. more often B. as much as we do C. less often ""How does your partner prefer to be approached for sex after a long day"" A. with a spontaneous kiss and cuddle. B. By being asked directly. C. Something else ""Who is more likely to offer a hug"" ""I know what my partner wants out of a relationship"" strongly disagree/somewhat disagree/somewhat agree/strongly disagree For us the biggest benefit is it did show we didn't know each other as well as we though in some areas and should be more confident in others. I believe that is the whole point, to allow continued discovery about each other which is necessary for any relationship.",JCMidwest,DeadBedrooms,https://www.reddit.com/r/DeadBedrooms/comments/1hsoi5i/paired_app_or_similar/
Paired,💰 Цена / Подписка,positive,I know this post is older but it’s the most recent one I could find. I just want to let everyone know that today they’re saying there’s a 77% deal on premium. $2 a month for a year but the total comes out to $39.99. It should be $24. $39.99 is the normal yearly price. Idk if it’s a bug or if they’re trying to misconstrue people to spend the same amount of money. Just wanted to throw that out there! I’m using the free version right now.,SouthTourist5311,DeadBedrooms,https://www.reddit.com/r/DeadBedrooms/comments/1hsoi5i/paired_app_or_similar/
Paired,❤️ Близость / Интимность,positive,"I looked at an app like that, and it didn’t appear to be geared towards vanilla sex as a starting place, so I was afraid it would scare him off by asking about polyamory and BDSM before we even got through the basics. I don’t know if that’s true of every app out there, but it’s definitely something to consider. If it’s going to present ideas that would freak your spouse out before you even really got going with stuff that would not freak them out.",Candid-Strawberry-79,DeadBedrooms,https://www.reddit.com/r/DeadBedrooms/comments/1hsoi5i/paired_app_or_similar/
Paired,👫 Влияние на отношения,positive,"What app was that... hehe I might give it ago 😜 (we are pretty open minded, ok with open relationships already)",TopAccomplished8501,DeadBedrooms,https://www.reddit.com/r/DeadBedrooms/comments/1hsoi5i/paired_app_or_similar/
Paired,💬 Общение / Коммуникация,neutral,I went and checked my apps. It’s called Spicer- Sex Ideas for Couples. Icon is a flame.,Candid-Strawberry-79,DeadBedrooms,https://www.reddit.com/r/DeadBedrooms/comments/1hsoi5i/paired_app_or_similar/
Paired,🎯 Активности / Игры / Квизы,positive,"Haha OK, a little different to paired then.. the first question on paried to both my wife and I was would you rather go annually to a new country or to the same favorite destination each year! I might try Spicer once we complete this app!",TopAccomplished8501,DeadBedrooms,https://www.reddit.com/r/DeadBedrooms/comments/1hsoi5i/paired_app_or_similar/
Paired,👫 Влияние на отношения,positive,"Yes, I think it has a lot of good soul surfing topics, and agree it should be done daily to keep the relationship in focus. Anyone can spend a few minutes a day thinking about their relationship.",[deleted],DeadBedrooms,https://www.reddit.com/r/DeadBedrooms/comments/1hsoi5i/paired_app_or_similar/
Paired,👫 Влияние на отношения,positive,"I’ve tried to propose similar apps to my wife. She’s always scoffed at the idea and dismissed it entirely. But then, she’s also the kind of individual that would do the same to even a hint at any form of therapy (for either of us, or as a couple). I think they can work great for couple that are both open to the idea though, so if it might even potentially work for you I’d say give it a shot.",HowD1dWeGetToThis,DeadBedrooms,https://www.reddit.com/r/DeadBedrooms/comments/1hsoi5i/paired_app_or_similar/
Paired,❤️ Близость / Интимность,positive,I find the apps that go right to intimacy can be tricky. Sometimes better to just build up flirting through the day. There's a few out there that could be interesting to you.,GetSyncopate,DeadBedrooms,https://www.reddit.com/r/DeadBedrooms/comments/1hsoi5i/paired_app_or_similar/
Paired,💬 Общение / Коммуникация,positive,"Yes it has been great, but all of our connectedness and flirting kinda stays in the app. No meaningful changes outside of the app. Like, its great to have this little moment of connectedness by logging our questions each day, and there has been some really thoughtful chats that we’ve had in the app… but it just kind of stays there, if that makes sense. We don’t really keep the discussions going.",hiphipohno,DeadBedrooms,https://www.reddit.com/r/DeadBedrooms/comments/1hsoi5i/paired_app_or_similar/
Paired,🎯 Активности / Игры / Квизы,positive,"For me emotional connection is key for physical. My partner and I will often play the app I built that generates unique question starters tailor to us. Definitely helps get you in the mood, and it's face to face question asking and sharing, not over text, so you can't really hide your feelings. It has some similarities to Paired, but focuses on in-person sharing. If you want to check it out it's on the app store: https://apps.apple.com/us/app/evermore-for-dating-couples/id6744706229",scottiek,DeadBedrooms,https://www.reddit.com/r/DeadBedrooms/comments/1hsoi5i/paired_app_or_similar/
Paired,💰 Цена / Подписка,negative,Waste of money... we stopped using the app after a couple of weeks.,TopAccomplished8501,DeadBedrooms,https://www.reddit.com/r/DeadBedrooms/comments/1hsoi5i/paired_app_or_similar/
Paired,👫 Влияние на отношения,negative,Paired app gone wrong submitted by /u/Just_Nibblin_ to r/CoupleMemes [link] [comments],Just_Nibblin_,CoupleMemes,https://www.reddit.com/r/CoupleMemes/comments/1g3iq6r/paired_app_gone_wrong/
Paired,👫 Влияние на отношения,positive,"To Delete or Not to Delete the Paired App I don't post anything but I feel that I need some outside perspective on this issue as I feel that my internal process and current communication with my partner has reach a point that help from others may bring solutions. I don't have a lot to say about this subject but I will try and be as direct as I can for you all to understand where I am coming from. I(38f) and my husband (36m) cannot afford therapy right now, so we though we would try the paired app. At first it was going great I would answer a question and he would respond pretty quickly. Then, I would answer a question, and it would take a few days for his answer which is fine he is busy with work, or other things. Now I have almost 2 weeks of questions on there that have no responses from him. I'm beginning to realize that this app wasn't/isn't a priority for him even though he was the one who suggested multiple times that we need to get some help. I felt this was a solution even a start to try to help our relationship, as we do not have much money and therapy can become expensive. His reason is because he doesn't know how to answer them and doesn't pay that much attention to be able to answer. Him telling me that he doesn't pay that much attention makes me feel that maybe he doesn't want the relationship to be the best that it can be. As heartbreaking as it is, I want to know should I even bother going through and answering these questions if I am alone in my attempt to make our relationship better? I love him and I want to do everything within my power to build our relationship to be solid and strong. He is my other half and has so many great qualities. Maybe I am overthinking things, but I just want to be sure that I make every attempt I can to improve or make our time together the best it can be. Thank you for your help. Any advise you can give or suggestions would really be appreciated. TLDR: should I delete the paired app if my husband refuses to participate. ",Kandy_gurl,CharlotteDobreYouTube,https://www.reddit.com/r/CharlotteDobreYouTube/comments/1cegytp/to_delete_or_not_to_delete_the_paired_app/
Paired,💬 Общение / Коммуникация,negative,Tell him you’re going to delete it since it seems like he’s not into it. And express your disappointment that he suggested it then bailed. It’s impossible to over-communicate.,Abject_Enthusiasm390,CharlotteDobreYouTube,https://www.reddit.com/r/CharlotteDobreYouTube/comments/1cegytp/to_delete_or_not_to_delete_the_paired_app/
Paired,👫 Влияние на отношения,negative,Tell him that you're dealing the app because you realize that he is not taking it or your relationship seriously. That you're DONE being the only one trying.,AlricaNeshama,CharlotteDobreYouTube,https://www.reddit.com/r/CharlotteDobreYouTube/comments/1cegytp/to_delete_or_not_to_delete_the_paired_app/
Paired,👫 Влияние на отношения,positive,"I am just seeing this after your update... I am so happy to hear that he responded in such a positive way, and didn't just give more excuses. Please keep us updated on if he actually follows through. It seems like you have a great foundation for your relationship, and it just has a few cracks that you together will mend in no time. The biggest thing I have learned is that a healthy relationship is built on 3 things: complete trust in one another, full respect for each other, and always having open and honest communication no matter what, even when you might be annoyed or mad at each other. As long as you two always have those 3 things you will be able to make it for the very long haul and overall be content within the relationship long term.",JeanJean84,CharlotteDobreYouTube,https://www.reddit.com/r/CharlotteDobreYouTube/comments/1cegytp/to_delete_or_not_to_delete_the_paired_app/
Paired,⭐ Общее впечатление,positive,I'm currently going through this right now with my partner of two years sometimes I even have to ask her to join and I get it that yeah it almost sounds like I'm forcing her and she downloaded the app on her phone but she barely uses it I even suggested we do Flamingo and so far I'm sometimes the only one asking questions. I think I might go your route and delete it too and see if that changes anything because if you're the only one on an app meant for two it pretty much sucks because it's like you're putting in all the efforts for nothing. Maybe she feels like we already know all there is to know about each other Idk.,Ok_Age8482,CharlotteDobreYouTube,https://www.reddit.com/r/CharlotteDobreYouTube/comments/1cegytp/to_delete_or_not_to_delete_the_paired_app/
Paired,👫 Влияние на отношения,negative,Not necessarily true. My partner will spend time on other apps such as Facebook or Instagram but will completely ignore and not spend a few minutes on paired. I think it's really difficult to be the only one engaged in trying to form a bond in a relationship. It comes across as a lack of effort and desire for the relationship to thrive.,InformalVariation140,CharlotteDobreYouTube,https://www.reddit.com/r/CharlotteDobreYouTube/comments/1cegytp/to_delete_or_not_to_delete_the_paired_app/
Paired,💰 Цена / Подписка,positive,"I had a similar problem with my partner. Participation with those apps either felt one-sided, or it was only helpful for couples who are perfectly in love. I think you should try this new app I've been using called LoyalAI. You're able to measure and track your own feelings toward your partner. It's almost like a private diary, but way simpler. But you are also synced to your partner's account so you can get a glimpse of how he/she is feeling about you. Also, the AI analysis and insight is very honest and direct, and really helpful. I would try it. And it's free! No Subscription. No ads. Search for LoyalAI in the App Store.",Ok-Button8409,CharlotteDobreYouTube,https://www.reddit.com/r/CharlotteDobreYouTube/comments/1cegytp/to_delete_or_not_to_delete_the_paired_app/
Paired,📝 Без категории,neutral,I searched and I don’t see it in the apple App Store.,choosjoy,CharlotteDobreYouTube,https://www.reddit.com/r/CharlotteDobreYouTube/comments/1cegytp/to_delete_or_not_to_delete_the_paired_app/
Paired,👫 Влияние на отношения,neutral,https://apps.apple.com/us/app/love-test-for-couples-loyalai/id6747716993,Ok-Button8409,CharlotteDobreYouTube,https://www.reddit.com/r/CharlotteDobreYouTube/comments/1cegytp/to_delete_or_not_to_delete_the_paired_app/
Paired,🐛 Баги / Технические проблемы,neutral,I know this post is old but I'm thinking about seeing if my husband will do this app with me and looking for input. How did it go after your update?,SignalKey5774,CharlotteDobreYouTube,https://www.reddit.com/r/CharlotteDobreYouTube/comments/1cegytp/to_delete_or_not_to_delete_the_paired_app/
Paired,👫 Влияние на отношения,positive,"Paired app for couples This is one app boyfriend and I to communicate, learn, and build a stronger foundation than we already have. Sometimes, outside circumstances can make relationships tough. Communication can also be difficult at times. Paired can help in a lot ways. submitted by /u/Jamie_Rika to r/ShareMobileApps [link] [comments]",Jamie_Rika,ShareMobileApps,https://www.reddit.com/r/ShareMobileApps/comments/1nypns2/paired_app_for_couples/
Lovewick,💰 Цена / Подписка,positive,"Couples app? Hey there - My wife and I have been struggling to find an app that’s “coupley.” We had Lovewick - and you could answer 10 questions a day as a pair and see each other’s responses, etc. That app has since gone like most others to being one you have to pay to use 🙄. Typical. Googling anything is very pointless because all the apps that it says are “free” are just free for download and then they require a subscription. Just curious if anyone knows of any apps that they’ve used or know of that we could try. TIA 💜 submitted by /u/ChaoticGoddessx to r/apps [link] [comments]",ChaoticGoddessx,apps,https://www.reddit.com/r/apps/comments/1dmzg87/couples_app/
Lovewick,🎯 Активности / Игры / Квизы,positive,"LoveTrack is actually free and doesn't charge you at all. It has the daily questions, question packs, anniversary reminders, and a date night planner! It's US only, though (for now) in case you're international. https://apps.apple.com/us/app/lovetrack-couples-app/id6608982670 https://play.google.com/store/apps/details?id=com.lovetrackapp.app",JasontheWriter,apps,https://www.reddit.com/r/apps/comments/1dmzg87/couples_app/
Lovewick,👫 Влияние на отношения,positive,Please try karmascore!! its my personal favorite app to use with my partner. We both track our favorite memories together and share at the end of the week to feel more connected and see what things are landing with each other.,dedeg4,apps,https://www.reddit.com/r/apps/comments/1dmzg87/couples_app/
Lovewick,🎯 Активности / Игры / Квизы,positive,"Try this app! It’s for fun and spicy activities for couples, and also to upload pictures and comments about the dates you go to! https://apps.apple.com/it/app/our-memories/id6747708333",ReadyTemporary6142,apps,https://www.reddit.com/r/apps/comments/1dmzg87/couples_app/
Lovewick,👫 Влияние на отношения,positive,"Not strictly a couples app, but a relationship app... One partner uses it to delight and surprise the other... it's a novel take! heystoke.com",williar1,apps,https://www.reddit.com/r/apps/comments/1dmzg87/couples_app/
Lovewick,🎯 Активности / Игры / Квизы,positive,"Yes!! My husband and I love the Official app! Transparently, we do pay for the premium options which I love but I think they have a free plan too. I love it because as much as it has within the app (questions/prompts, future planning, etc) it also has a lot of features to take ""outside of the app"". It can help you plan date nights, like providing ideas for how to spend your date and even a swipe left/right to ""match"" on various sex positions. Note: I have also tried the Paired app and found that one was a bit too focused on questions of the day and not as much that you can build off of in person!",Plus_Chicken6583,apps,https://www.reddit.com/r/apps/comments/1dmzg87/couples_app/
Lovewick,💰 Цена / Подписка,positive,Okay thank you sm! Is it worth using tho if we don’t have the premium?,ChaoticGoddessx,apps,https://www.reddit.com/r/apps/comments/1dmzg87/couples_app/
Lovewick,📝 Без категории,negative,We’ve tried paired and thought it was dumb bc of having to pay for it haha,ChaoticGoddessx,apps,https://www.reddit.com/r/apps/comments/1dmzg87/couples_app/
Lovewick,👫 Влияние на отношения,positive,I recommend the Keepin widget. You can send and receive photos with wife and view the photos your wife send directly in the widget. https://apps.apple.com/us/app/keepin-couple-friends-widget/id6502256947 https://play.google.com/store/apps/details?id=com.keepin.wekeepin,RiskDazzling7275,apps,https://www.reddit.com/r/apps/comments/1dmzg87/couples_app/
Lovewick,🎯 Активности / Игры / Квизы,positive,"Couple Space: Love App we use this app, it has fun daily tasks like “give a compliment” and there are also games with questions.",Expert_Egg8303,apps,https://www.reddit.com/r/apps/comments/1dmzg87/couples_app/
Lovewick,👫 Влияние на отношения,positive,Hi with BondBeyond you can ask unlimited questions for free. Your partner can only see your answer once they also answer the question. You can also ask custom-generated questions.,spiderion_,apps,https://www.reddit.com/r/apps/comments/1dmzg87/couples_app/
Lovewick,🎯 Активности / Игры / Квизы,positive,"Bit old question, but i am developing an app for couples +18 game, it is named PassionPlay and it is available for andorid on AmazonApp store. Unfortunately Google and Apple don't like +18 content in app. It is evolving and i am open for more advertising on how to improve it. At the moment there are more than 99 action you can have and some fun is granted. (The app is the one with purple logo and heart inside)",Mysterious_Remove_37,apps,https://www.reddit.com/r/apps/comments/1dmzg87/couples_app/
Lovewick,🐛 Баги / Технические проблемы,positive,"huh? I've found such an app, but that seems to be from 2020 and last updated in 2021, could you share an url?",Dapper-Inspector-675,apps,https://www.reddit.com/r/apps/comments/1dmzg87/couples_app/
Lovewick,❤️ Близость / Интимность,positive,"sure: https://www.amazon.com/AugelloTech-PassionPlay/dp/B0DHRVBFJZ?crid=7THB2GWDE9EM&dib=eyJ2IjoiMSJ9.48m693bQRQhCTuF6ZhNDjpapkTevCQNsoi0alCV_MniXzt7GiRd3oaLL0SwFwD9_gUyfzc2SkJgfNyPf_hgi0IGvEXzA7hWgHkZhMlBdTP1QdqKl5IrI2LL2mt73VGXEuNte2ohH3SSvaMDaUoBf1Ajqy5Js5oFheqO6O1AHi9h83VAphFNOMypJ77q7pxFCWmrEi2Km0rIYYpiWV3kTPKpnikX1Q2S15XfaukJ5ago.NFoFwpQcuDKxSlsQncpuzPr_Ocjipd6B_qL_Ln4AcDI&dib_tag=se&keywords=passionplay&qid=1739785780&sprefix=passionplay%2Caps%2C211&sr=8-1 Any comments, suggestions and features are welcomed to help me improve it.",Mysterious_Remove_37,apps,https://www.reddit.com/r/apps/comments/1dmzg87/couples_app/
Lovewick,❤️ Близость / Интимность,positive,"Just saying, Amazon App Store is going to be removed in August, I moved the app in uptodown: https://com-augellotech-passionplay.en.uptodown.com/android Enyoj and give me positive feed and feedback to improve it :)",Mysterious_Remove_37,apps,https://www.reddit.com/r/apps/comments/1dmzg87/couples_app/
Lovewick,🎯 Активности / Игры / Квизы,positive,"I've been working on a swiping game where there are fun daily questions and prompts, and you can see your partner's responses. It's allowed me to learn things about her I otherwise wouldn't have been able to. I've been crafting every question by myself. Would love to have you try it out! Here's the signup for it: https://forms.gle/PKHbbZ5i4fAzRDxEA",matt8p,apps,https://www.reddit.com/r/apps/comments/1dmzg87/couples_app/
Lovewick,💬 Общение / Коммуникация,positive,"Hey everyone, just adding another option to the list. My wife and I have tried various relationship apps, and one alternative we’ve found helpful is Turtel.ai. It’s an SMS-first group chat that sends daily, curated conversation prompts tailored to your unique relationship. We like it.",happyrain,apps,https://www.reddit.com/r/apps/comments/1dmzg87/couples_app/
Lovewick,❤️ Близость / Интимность,positive,Have a look at this: https://com-augellotech-passionplay.en.uptodown.com/android feel free to share comment and suggestions,Mysterious_Remove_37,apps,https://www.reddit.com/r/apps/comments/1dmzg87/couples_app/
Lovewick,⭐ Общее впечатление,positive,"Try out Bonded! You can download it at www.bonded.me - it's 100% free to access every feature and all of the content. It's more sex-forward, but designed to be helpful and fun.",sexwithcatalina,apps,https://www.reddit.com/r/apps/comments/1dmzg87/couples_app/
Lovewick,💰 Цена / Подписка,positive,"Did someone tried LovBirdz? It's not entirely free, but there is a lot of free content (with very high quality!)",Tiroolyi,apps,https://www.reddit.com/r/apps/comments/1dmzg87/couples_app/
Lovewick,👫 Влияние на отношения,neutral,Have a look on App Store: wifey couples app 🙌,Repulsive_Outside599,apps,https://www.reddit.com/r/apps/comments/1dmzg87/couples_app/
Lovewick,👫 Влияние на отношения,positive,"Hey, this post really hit home. I actually got married a little later in life, and when I was trying to work on my relationship, I was shocked by how hard it was to find a relationship app that actually helped. Most felt either too generic, too focused on daily quizzes, or locked everything meaningful behind a subscription. That struggle is what led me to build Bonds, a relationship app designed for couples and individuals who want to deepen their connection, break out of repeat conflicts, and feel more understood without having to convince their partner right away or pay from day one. It’s focused on real relationship pain points like communication breakdowns, “circle fights” about chores or trust, and even how to stay close during busy weeks. It uses short-form video and AI to offer personalized insights and tools you can actually use day to day. The app is free to try at heybonds.com/app, and we’re constantly improving it based on real user feedback. (Full transparency, I’m the founder, and this all started because I personally needed it. Would love any honest thoughts if you check it out.)",Longjumping-Bug-69,apps,https://www.reddit.com/r/apps/comments/1dmzg87/couples_app/
Lovewick,📝 Без категории,positive,Your app looks really interesting and a bit different from the others out there. Unfortunately it's not available in my country though (New Zealand). What's the likelihood of that changing in future?,wit_n_whimsy,apps,https://www.reddit.com/r/apps/comments/1dmzg87/couples_app/
Lovewick,👫 Влияние на отношения,positive,"Hya there, Thx for the interest in our app, Bonds (by HeyBonds) - we open our app within different locations based on demand and our focus. If you’d like early access in New Zealand please email us directly at info@heybonds.com and I’ll see what we can do. Cheers, Lior.",Longjumping-Bug-69,apps,https://www.reddit.com/r/apps/comments/1dmzg87/couples_app/
Lovewick,👫 Влияние на отношения,positive,"Totally get the frustration! I actually built my own couples app (EverMore) after getting annoyed with all the generic relationship apps out there. The main issue I found was that most apps give everyone the same basic questions regardless of how long you've been together or what your relationship is like. EverMore creates unlimited personalized questions based on your specific relationship instead. My partner and I use it regularly - way better than those apps that just cycle through ""what's your favorite color"" type questions. The personalization aspect makes the conversations feel way more natural and meaningful. Worth checking out if you're still looking for something that doesn't feel like generic homework. https://apps.apple.com/us/app/evermore-for-dating-couples/id6744706229",scottiek,apps,https://www.reddit.com/r/apps/comments/1dmzg87/couples_app/
Lovewick,⭐ Общее впечатление,neutral,"Hey Scott, do you both download it or only on one phone? As in do they link both phones to answer?",SportEuphoric3148,apps,https://www.reddit.com/r/apps/comments/1dmzg87/couples_app/
Lovewick,💬 Общение / Коммуникация,positive,Apparently some new app is coming up specifically for long distance couples. Made by some AI geeks in california. My friend Beta tested it and loved it and has been talking about it ever since. I will keep you all posted. ETA is around a month,Responsible_Young_12,apps,https://www.reddit.com/r/apps/comments/1dmzg87/couples_app/
Lovewick,📝 Без категории,negative,"wtf the point of a long distance app? has nothing at all to do with my post. also, it’s almost a year old lil bro",ChaoticGoddessx,apps,https://www.reddit.com/r/apps/comments/1dmzg87/couples_app/
Lovewick,👫 Влияние на отношения,neutral,try this - https://apps.apple.com/in/app/coupled-moments/id6746321543,Responsible_Young_12,apps,https://www.reddit.com/r/apps/comments/1dmzg87/couples_app/
Lovewick,💬 Общение / Коммуникация,positive,This is cool. This App allows you to see the real reaction of your partner when they open your message. Your partner can only see your blurred message if they show up their face. This allows you to see their real reaction of what you wrote. It's called BondBeyond. Thank me later,Hot_Restaurant_8617,apps,https://www.reddit.com/r/apps/comments/1dmzg87/couples_app/
Lovewick,💬 Общение / Коммуникация,positive,"I’m using Just Between Us. Privacy is good, works good, but I’m still looking for an alternative to chat with my wife, so we can easily send 18+ gifs directly from our iPhone browser.",Swimming_Chipmunk739,apps,https://www.reddit.com/r/apps/comments/1dmzg87/couples_app/
Lovewick,👫 Влияние на отношения,positive,"My partner and I are trying this really unique app with a virtual 'scratch-off' mechanic! One of us gives the other a scratch-off as a gift, which can reveal personalized prizes like activities to do together or wishes to fulfill. Sometimes you win, sometimes you lose, but it's this element of surprise that makes it so fun! You can completely customize the prizes for your relationship. Check it out here: https://studio--gv-copia-2.us-central1.hosted.app",InstructionNo1674,apps,https://www.reddit.com/r/apps/comments/1dmzg87/couples_app/
Lovewick,💬 Общение / Коммуникация,neutral,"Due to your account being too new, your post has automatically been removed. In order to cut down on spam, your post will not be unremoved. Please wait until your account is older and then feel free to try and post again. I am a bot, and this action was performed automatically. Please contact the moderators of this subreddit if you have any questions or concerns.",AutoModerator,apps,https://www.reddit.com/r/apps/comments/1dmzg87/couples_app/
Lovewick,🎯 Активности / Игры / Квизы,positive,"I'm not sure if this has been suggested yet, but I'm using an app called Cozy Couples and it's really nice, it makes us feel more connected, it has questions and games and ways to send notes and pictures to each other, it has a premium option but it isn't needed to use the app, there is still plenty to do on the free version of it, I'm still using the free version and it's really fun, I'm thinking about paying for the premium when I have more money I can spend because I really like the app",randomgalaxyy,apps,https://www.reddit.com/r/apps/comments/1dmzg87/couples_app/
Lovewick,🎯 Активности / Игры / Квизы,neutral,For questions there is Heart2Heart app with couples questions you can answer both using SharePlay on iPhone,Good_Caregiver9617,apps,https://www.reddit.com/r/apps/comments/1dmzg87/couples_app/
Lovewick,🎯 Активности / Игры / Квизы,neutral,Heart2Heart Couples Questions: https://apps.apple.com/us/app/couples-questions-heart2heart/id6501986735,Good_Caregiver9617,apps,https://www.reddit.com/r/apps/comments/1dmzg87/couples_app/
Lovewick,🎯 Активности / Игры / Квизы,positive,"Must-have apps for 2025 New Year’s Eve Quick list of apps you might wanna have ready for New Year’s Eve: Breathalyzer / BAC estimate Alcohol Calculator (Android): https://play.google.com/store/apps/details?id=com.alko.zona Alcohol Tracker (iOS): https://apps.apple.com/fr/app/alcohol-tracker-bac-calculator/id6747927526 BACtrack (iOS): https://apps.apple.com/ba/app/bactrack/id553347498 BACtrack (Android): https://play.google.com/store/apps/details?id=com.bactrack.bactrack_mobile Photos / memories Snapseed (iOS): https://apps.apple.com/app/snapseed/id439438619 Snapseed (Android): https://play.google.com/store/apps/details?id=com.niksoftware.snapseed Quick edits to fix awful midnight lighting. Google Photos Truth or Dare games Party version (iOS): https://apps.apple.com/app/apple-store/id901148233 Party version (Android): https://play.google.com/store/apps/details?id=com.antoinehabert.spiky Spicy version (iOS): https://apps.apple.com/us/app/truth-or-dare-dirty-game/id898735886 Spicy version (Android): https://play.google.com/store/apps/details?id=com.antoinehabert.truthordaregame For couples LovBirdz (question game, they’re doing a NYE event) iOS: https://apps.apple.com/fr/app/lovbirdz-jeu-de-quiz-couple/id6444805675 Android: https://play.google.com/store/apps/details?id=com.antoinehabert.together LoveWick: https://apps.apple.com/app/lovewick/id1564890364 Split bills & shared costs Tricount (iOS): https://apps.apple.com/fr/app/tricount-split-settle-bills/id349866256 Tricount (Android): https://play.google.com/store/apps/details?id=com.tribab.tricount.android Music & playlists Spotify (iOS): https://apps.apple.com/app/spotify-music/id324684580 Spotify (Android): https://play.google.com/store/apps/details?id=com.spotify.music Apple Music / Tidal Countdown Countdown (iOS): https://apps.apple.com/fr/app/countdown/id424216726 Countdown (Android): https://play.google.com/store/apps/details?id=kulana.tools.newyearcountdown Party invites / coordination Partiful (iOS): https://a",Tiroolyi,apps,https://www.reddit.com/r/apps/comments/1pytigq/musthave_apps_for_2025_new_years_eve/
Lovewick,👫 Влияние на отношения,positive,"This relationship app makes $600K/month, here’s how At first glance, Paired looks like another cute couples app. Under the hood, it’s a finely tuned funnel turning emotion into retention. Here’s how: https://preview.redd.it/rvg879vn1vuf1.jpg?width=696&format=pjpg&auto=webp&s=d048e6d11b264cddb32bbc396923dae0c5bf25f2 The onboarding builds emotional commitment fast. Forced sign-in, short questions about your partner, and a soft paywall that feels like a natural step not a sales wall. By the time you reach it, you’re already invested. https://preview.redd.it/tertu12p1vuf1.jpg?width=609&format=pjpg&auto=webp&s=cc134e0026442d1671b0fb0f3687abbe44bd85ec Their ASO game is surgical. Paired ranks top-3 for 700+ keywords like “lovewick” and “getdailyagape.” Every keyword attracts users already in a relationship mindset zero wasted clicks. Paid distribution is where they print scale. Over 4,600 Apple Search Ads keywords dominate emotional-intent queries (“relationship tracker,” “love app”), backed by 60 Facebook and 16 Google ads for volume. Social proof ties it all together. Their 195K Instagram followers fuel trust and organic reach through warm, story-driven content. Not pushy. Not viral. Just emotionally engineered growth. PS : We’ve spent months studying how iOS apps hit $100K+/mo -pulled the 25 best growth tactics into a Free 55-page doc that any iOS dev or small team can copy. Get it here. submitted by /u/Neat-Ad4293 to r/iOSAppsMarketing [link] [comments]",Neat-Ad4293,iOSAppsMarketing,https://www.reddit.com/r/iOSAppsMarketing/comments/1o5vaqm/this_relationship_app_makes_600kmonth_heres_how/
Lovewick,👫 Влияние на отношения,positive,"Get 25 proven tactics to grow your app. Grab the 55 Page doc free here → https://growth-hacking-lab.kit.com/22053926d2 This report is based on our months of research at Growth Hacking Lab. I am a bot, and this action was performed automatically. Please contact the moderators of this subreddit if you have any questions or concerns.",AutoModerator,iOSAppsMarketing,https://www.reddit.com/r/iOSAppsMarketing/comments/1o5vaqm/this_relationship_app_makes_600kmonth_heres_how/
Lovewick,👫 Влияние на отношения,positive,"Relationship apps We've been using the Lovewick and HeyRitual apps, and I was curious if anyone has any experience with these and liked them? It has anyone tried anything else they preferred? submitted by /u/ReconcileAndRestore to r/AsOneAfterInfidelity [link] [comments]",ReconcileAndRestore,AsOneAfterInfidelity,https://www.reddit.com/r/AsOneAfterInfidelity/comments/16okwtc/relationship_apps/
Lovewick,❤️ Близость / Интимность,positive,"We used Card Decks, its just a bunch of great questions to help rebuild the intimacy that was lost over time",TallBlondeAndCute,AsOneAfterInfidelity,https://www.reddit.com/r/AsOneAfterInfidelity/comments/16okwtc/relationship_apps/
Lovewick,📝 Без категории,positive,yeah this is his app,TallBlondeAndCute,AsOneAfterInfidelity,https://www.reddit.com/r/AsOneAfterInfidelity/comments/16okwtc/relationship_apps/
Lovewick,⭐ Общее впечатление,positive,"We've been enjoying Agape. We haven't tried the ones you mentioned, though.",BetterTogether2789,AsOneAfterInfidelity,https://www.reddit.com/r/AsOneAfterInfidelity/comments/16okwtc/relationship_apps/
Lovewick,💬 Общение / Коммуникация,positive,"r/Asoneafterinfidelity is an online Peer Support Group and safe space for individuals (betrayed or wayward) who are actively attempting to reconcile after infidelity. Reconciliation peer support is emotional and practical support between people who share the common experience of reconciling after infidelity. (Observers are strictly limited to messages of support only.) Kindly read the rules before participating. For transparency and conflict mediation purposes, kindly follow reddit community guidelines by directing any questions, issues, feedback, or appeals about the sub or individual moderator decisions directly to Mod Mail. No response will be given to DMs and chat requests to individual moderators about moderating issues. We are very happy to receive and respond to your concerns through the official channels! Please assign yourself a user flair.For app users, flairs can be added at the top of the main page. Select the three vertical dots and the menu should appear. Instructions (desktop version) here ). For a list of abbreviations commonly used in this subreddit, see the Acronym Guide . Also check out our list of free resources and recommended books for post-infidelity recovery, found here . RULES 1. All posts and comments must fit the spirit of Peer Support. Keep comments encouraging, constructive, sensitive, validating, and non-judgmental. Speak only from your own experience. Use “I”-statements. Asking clarifying questions or offering suggestions is acceptable–if backed up by personal experience about what has helped you in your recovery and reconciliation. Do not give advice unless specifically requested by OP. Any differences of opinion expressed must be communicated respectfully. “Tough love” does not qualify as peer support. 2. The peer group includes: Reconciling BS, Reconciling WS, Recovered & Reconciled, and Considering R. Observer, Unsuccessful R, and other user flairs are not included in the peer group. Non-peers are not allowed to post without prior ",AutoModerator,AsOneAfterInfidelity,https://www.reddit.com/r/AsOneAfterInfidelity/comments/16okwtc/relationship_apps/
Lovewick,🎯 Активности / Игры / Квизы,positive,"Why are there so many apps to find love, but not keep it? I'm trying to change that for LDRs and would love your help! After hearing about the challenges of LDRs from friends and experiencing a summer long distance with a partner myself, I decided that FaceTime just doesn't cut it -- it helps us stay connected logistically, sure, but what about continuing to grow and try new things even when apart? I've spent the last year designing a couples app called Lovewick, and I'm genuinely wanting to make sure it brings joy and value to couples in long distance relationships. Lovewick has open-ended questions (perfect to spice up FaceTime calls once in awhile), date ideas (some that are remote-friendly), and research-based “relationship goals” that are designed to help couples feel more connected, valued, and adventurous. If anyone would be willing to try our private TestFlight beta (you or your partner has to have an iPhone), I'd really appreciate the feedback. You can leave your email on our website https://www.lovewick.com/ or DM us on Instagram @withlovewick. Thank you!  Example \""Discovery Card\"" question submitted by /u/lovenerd33 to r/LDR [link] [comments]",lovenerd33,LDR,https://www.reddit.com/r/LDR/comments/i7y8vl/why_are_there_so_many_apps_to_find_love_but_not/
Lovewick,🎯 Активности / Игры / Квизы,positive,"We are just starting out and are being really lean with development, so unfortunately it's available only for iphone (and only in TestFlight -- we haven't launched in App Store yet). Appreciate your interest a ton, though, and you will be able to find some questions and ideas on our Instagram that wouldn't require the app at all (@withlovewick). Thank you!",lovenerd33,LDR,https://www.reddit.com/r/LDR/comments/i7y8vl/why_are_there_so_many_apps_to_find_love_but_not/
Lovewick,🎯 Активности / Игры / Квизы,positive,"Totally! He won't be able to pull up the questions and ideas on his phone because he won't have the app, but plenty of couples read questions aloud over FaceTime or draw a few question cards and send screenshots. You'll just have to lead the experience :) Thank you! Hope you like it!",lovenerd33,LDR,https://www.reddit.com/r/LDR/comments/i7y8vl/why_are_there_so_many_apps_to_find_love_but_not/
Lovewick,📝 Без категории,negative,"No I mean these days he isn’t available, later he will be available daily again",AccurateIngenuity431,LDR,https://www.reddit.com/r/LDR/comments/i7y8vl/why_are_there_so_many_apps_to_find_love_but_not/
Lovewick,🎯 Активности / Игры / Квизы,positive,"Wonderful! Thank you! Yes, just one user having an iphone is fine :) And, hopefully Android won't be too far off. Just trying to be lean with spending, since it's self funded for now. Appreciate your interest!",lovenerd33,LDR,https://www.reddit.com/r/LDR/comments/i7y8vl/why_are_there_so_many_apps_to_find_love_but_not/
Lovewick,👫 Влияние на отношения,negative,I hate that all the decent couple apps are always Apple only. Some couples use Android too...,its_jazzyo,LDR,https://www.reddit.com/r/LDR/comments/i7y8vl/why_are_there_so_many_apps_to_find_love_but_not/
Lovewick,🎯 Активности / Игры / Квизы,negative,"Hey there, that definitely was not our intention, but I totally get that may be the reality. We built in ReactNative, so that we could hit both platforms relatively quickly, and as I said in other comments, I'm self-funding the app out of grad school, and so I just chose the phone I had. Sorry to hear you're disappointed, though!",lovenerd33,LDR,https://www.reddit.com/r/LDR/comments/i7y8vl/why_are_there_so_many_apps_to_find_love_but_not/
Lovewick,👫 Влияние на отношения,positive,"Hi! Warning!: I’ll do a little shameless self promotion here as well. First and foremost, I love the concept of Lovewick, I would have it on my phone right now if I lived in the US!! From what I've seen, it's one of the best relationship apps out there. I had a long distance relationship for a time and the best thing we did was to make all these plans for things we’d do together once we saw each other. I think the top idea I had was to send him a coupon pack with many coupons for each day of advent. He would get a gift every day and we’d feel super close. We wanted to share what helped us so much through that LONG long distance time, which sometimes looked like it had no end in sight and that’s actually what inspired us to create this app: https://apps.apple.com/us/app/lovepons-relationship-coupons/id6477366268 . It allows for couples to send each other coupons, wherever each of you are. It has some templates to get inspired, and more to come! Check out the Long distance pack ;) It would really help validate the idea if you check it out and give some feedback <3 You can leave your email on our website https://www.lovepons.com or DM us on TikTok (youlovepons). Thank you! PS: Even if you don’t want to use our app, I really recommend this method to sail through a LDR. It gets really dark sometimes, I know, but you got this!!!!",ConcernYourself,LDR,https://www.reddit.com/r/LDR/comments/i7y8vl/why_are_there_so_many_apps_to_find_love_but_not/
Lovewick,📝 Без категории,neutral,Why can’t I dl the app on my iPhone? The screen goes white and nothing loads.,Sweet_Spread_6949,LDR,https://www.reddit.com/r/LDR/comments/i7y8vl/why_are_there_so_many_apps_to_find_love_but_not/
Lovewick,🎯 Активности / Игры / Квизы,positive,"Fun question cards and date ideas to grow and stay in love Hi all, I just launched Lovewick -- Couples App on Product Hunt today. I would love you to come take a look if it sounds interesting! ""Dating app? Nope. Couples therapy? Nuh-uh. Lovewick is a couples app with exploratory questions, date ideas, and research-based relationship goals to help you and your partner grow and stay in love, without it feeling like “work”."" https://www.producthunt.com/posts/lovewick-couples-app Open to any and all feedback, truly. I want to really reach a diversity of couples and help them play their way to lasting love. submitted by /u/lovenerd33 to r/ProductHunters [link] [comments]",lovenerd33,ProductHunters,https://www.reddit.com/r/ProductHunters/comments/k8ld64/fun_question_cards_and_date_ideas_to_grow_and/
Lovewick,📝 Без категории,positive,Thank you for letting me know! Appreciate it :),lovenerd33,ProductHunters,https://www.reddit.com/r/ProductHunters/comments/k8ld64/fun_question_cards_and_date_ideas_to_grow_and/
Lovewick,🎯 Активности / Игры / Квизы,positive,Looking for MGs to play with Steam profile /lovewicked submitted by /u/Dymox to r/csgo [link] [comments],Dymox,csgo,https://www.reddit.com/r/csgo/comments/3gg3xt/looking_for_mgs_to_play_with/
General / Общее,👫 Влияние на отношения,positive,"Best actually free app for couples? My bf and I are trying to work on our communication and we've seen a bunch of apps for couples but it feels like all of them pretend to be free and then make you pay to actually do anything. Any actual free ones out there? When we first started dating, we always had things to talk about and conversation seemed super easy like didn't take any effort. We've been together for a little over a year. Now it feels kind of like work sometimes to think of things to talk about and to have simpler conversations, especially when there aren't a lot of outside things going on or we're just hanging out at home. I kind of wish this problem all happened fast and because of one major incident but it feels like we've slowly drifted over the past few months to feeling like roommates that don't talk much. I think if we were able to communicate about how we're feeling a little better, that would help. I've read that sometimes these apps can guide you through talking about things and that's really what I'm looking for but I just hate when I see one that says free and then right after you download it and are excited, you have to pay to do anything. Has anyone had any success using these? We don't really want to do therapy and I haven't even brought any of this up to him yet. submitted by /u/bookworm615 to r/dating [link] [comments]",bookworm615,dating,https://www.reddit.com/r/dating/comments/1pwcopj/best_actually_free_app_for_couples/
General / Общее,👫 Влияние на отношения,positive,"I'm realizing I'm kind of a boring person. I just like to read and sometimes we watch shows together. I feel like we relate to each other okay, but anytime something bugs either of us, we don't really bring it up and talk about it. It's hard to put into words I guess, but I feel like we're just not growing, at least the way I understand how it should be happening in a relationship instead of just feeling flat.",bookworm615,dating,https://www.reddit.com/r/dating/comments/1pwcopj/best_actually_free_app_for_couples/
General / Общее,💬 Общение / Коммуникация,positive,"The Gottmans have a free app, can't remember what it is called, Love deck, maybe? But to is just different decks of questions you can ask to dive deeper. My now ex refused to do things like that with me, hence the ex. I need emotional connection",fromtheashesarise,dating,https://www.reddit.com/r/dating/comments/1pwcopj/best_actually_free_app_for_couples/
Lovewick,🎯 Активности / Игры / Квизы,positive,"Lovewick, Still mostly free with date ideas, reminders, and cards; core features don't require payment.",Odd_Bet5365,dating,https://www.reddit.com/r/dating/comments/1pwcopj/best_actually_free_app_for_couples/
General / Общее,👫 Влияние на отношения,positive,Hi guys we made it an app for couples me and my girlfriend design this app I hope you will like this it is called Petiverse,ahmetsahan,dating,https://www.reddit.com/r/dating/comments/1pwcopj/best_actually_free_app_for_couples/
General / Общее,💰 Цена / Подписка,positive,"Cutest Couple has a free 1 week trial to see if it works for you. No card required. After that it cuts some of the features but still usable. It’s a cool mix of Personal Goals, Shared Goals, Wishes & Love Languages. https://cutestcouple.app",TrippyBlocks,dating,https://www.reddit.com/r/dating/comments/1pwcopj/best_actually_free_app_for_couples/
General / Общее,⭐ Общее впечатление,positive,"any good couples apps you’d recommend? my partner and i were talking about trying a couples app, mostly out of curiosity. there are a lot of apps out there and it’s hard to tell which ones are actually worth sticking with, so i figured i’d ask here. if you’ve tried any couples apps you liked (or didn’t), i’d love to hear what you think. submitted by /u/Perfect_Bed_5156 to r/apps [link] [comments]",Perfect_Bed_5156,apps,https://www.reddit.com/r/apps/comments/1qao3tr/any_good_couples_apps_youd_recommend/
General / Общее,💬 Общение / Коммуникация,positive,"We’ve been using Riamo for a bit and it’s been nice. It’s pretty low-key and just gives you prompts to talk, without trying to turn the relationship into a game or a task list.",happyjj24,apps,https://www.reddit.com/r/apps/comments/1qao3tr/any_good_couples_apps_youd_recommend/
General / Общее,💬 Общение / Коммуникация,neutral,Don't rely on an app. Daily conversations matter more.,Dry-Particular-1422,apps,https://www.reddit.com/r/apps/comments/1qao3tr/any_good_couples_apps_youd_recommend/
General / Общее,💬 Общение / Коммуникация,positive,"True, if communication is lacking, no app will fix that. But sometimes apps can spark conversation or help you both explore your relationship in a fun way. Have you thought about trying something like 'Couple' or 'Between' to see if they help? They can be pretty engaging!",natinate77,apps,https://www.reddit.com/r/apps/comments/1qao3tr/any_good_couples_apps_youd_recommend/
General / Общее,📝 Без категории,positive,Or apps Like LovBirdz who have a real gamification side?,Visual-Evening5807,apps,https://www.reddit.com/r/apps/comments/1qao3tr/any_good_couples_apps_youd_recommend/
General / Общее,🎯 Активности / Игры / Квизы,positive,"I know you said 'app' specifically, but my wife and I got We Are Not Strangers 365 edition. You simply scratch a card off and answer the prompt. Some are kind of deep, like 'What's something about me that you love but I am insecure about"" or ""why did you fall in love with me"". There are a couple that are up for interpretation, like ""What is my trigger"". It's honestly not bad. I would say maybe get it on sale for 10-12 bucks, not the 20-25 bucks I paid for it. And keep a coin in the box (I chose a quarter) because the little heart shaped scratch of snapped pretty easily. Oh, and there are a couple 'activity' cards, like ""Whoever scratched this card has to plan 4 dates"" or ""Go for a walk without your cell phones"".",Knights_Fight,apps,https://www.reddit.com/r/apps/comments/1qao3tr/any_good_couples_apps_youd_recommend/
General / Общее,👫 Влияние на отношения,positive,"I've been using Paired and it is nice, my GF likes it but it feels kinda childish for me. A couple of weeks ago, after a heated Christmas argument, I tried with several that were more centered around conflict resolution and Lovefix was a clear winner. I used a session in solo mode and then did one with my GF. It was really nice because it made us feel heard, helped see each other's perspective and find a common ground. It even created a small action plan for us. However it doesn't have the daily check-in stuff like Paired. To recap: Daily check-ins, for the cute part, tender love: Paired Conflict resolution: Lovefix We are now subscribed to both and it's like 25$ in total (ofc I am the one paying...). Also, the apps help a lot but you need to put in the work too.",vivashare,apps,https://www.reddit.com/r/apps/comments/1qao3tr/any_good_couples_apps_youd_recommend/
General / Общее,🎯 Активности / Игры / Квизы,positive,"I'm making a video calling app with built in games for long distance couples. There are board games, word games, and mini-video games to make long distance date nights fun. https://funcalling.com/",hotdog147,apps,https://www.reddit.com/r/apps/comments/1qao3tr/any_good_couples_apps_youd_recommend/
General / Общее,👫 Влияние на отношения,positive,You should try out Bond44. It is really a cool app,miracleaayodele,apps,https://www.reddit.com/r/apps/comments/1qao3tr/any_good_couples_apps_youd_recommend/
General / Общее,👫 Влияние на отношения,positive,"Married 10+ years here. What we tried / kept: Couple Game : very soft, very progressive. The upfront preference quiz helps a lot. Good if one partner is cautious or vanilla. Paired : closer to therapy than play. Koppla : “controlled adventurousness”. Difficulty levels + some predictability made it easier to say yes and actually enjoy it. LovBirdz : more long-term. High-quality game, Less about shock, more about conversations (daily life + sexuality). Different vibe, but genuinely good. Desire : fine, but kind of forgettable.",Tiroolyi,apps,https://www.reddit.com/r/apps/comments/1qao3tr/any_good_couples_apps_youd_recommend/
General / Общее,🎯 Активности / Игры / Квизы,positive,"Relationship app for couples but you can create memories and milestones. Also private stories. Besides other features like games, date ideas and questions road to deeper things.",buenvuelo,apps,https://www.reddit.com/r/apps/comments/1qao3tr/any_good_couples_apps_youd_recommend/
General / Общее,🎯 Активности / Игры / Квизы,positive,"If you are looking for fun games for date night, this one is pretty good - https://apps.apple.com/gb/app/couple-games-charades/id6757168434",Calm-Ad-3327,apps,https://www.reddit.com/r/apps/comments/1qao3tr/any_good_couples_apps_youd_recommend/
General / Общее,🎯 Активности / Игры / Квизы,positive,What kind of app do you need? For fun and games or to keep track of smthing?,Own_Palpitation_8616,apps,https://www.reddit.com/r/apps/comments/1qao3tr/any_good_couples_apps_youd_recommend/
General / Общее,💬 Общение / Коммуникация,positive,"Kindest for reminders and habits to nurture relationships, Heart2Heart for intimate conversations. Both are free on the App Store",Good_Caregiver9617,apps,https://www.reddit.com/r/apps/comments/1qao3tr/any_good_couples_apps_youd_recommend/
General / Общее,🎯 Активности / Игры / Квизы,positive,Try Couple Game. I loved this app and used for fun questions and challenges to learn more about each other.,lucytaylor01,apps,https://www.reddit.com/r/apps/comments/1qao3tr/any_good_couples_apps_youd_recommend/
General / Общее,📱 UI/UX / Дизайн,positive,"Pocket Clear is a simple, privacy-first expense tracker built for people who want clarity without noise. We intentionally kept it minimal: No ads No bank or SMS access Offline-friendly Plain “Money In / Money Out” tracking The goal wasn’t to build another feature-heavy finance app — it was to make expense tracking something people actually stick to.",Full-Tip2622,apps,https://www.reddit.com/r/apps/comments/1qao3tr/any_good_couples_apps_youd_recommend/
General / Общее,⭐ Общее впечатление,negative,"My wife and I downloaded ""Ban It"" to help us break our bad habits related to caffeine and other things.",Explore-Hub,apps,https://www.reddit.com/r/apps/comments/1qao3tr/any_good_couples_apps_youd_recommend/
General / Общее,💬 Общение / Коммуникация,positive,"We're developing ""In The Mood"" app. Most couples apps try to do a lot of things. We focused on one: eliminating the awkward ""are you in the mood?"" conversation. How? Both partners privately set their mood. Only notification = mutual match. Bonus feature (Heart Signals) lets you send caring check-ins without revealing your mood. Keeps the door open, no pressure. Privacy and simplicity over features. If that appeals to you, would love your feedback: https://apps.apple.com/ee/app/in-the-mood-couples/id6744419061",KilkaLabs,apps,https://www.reddit.com/r/apps/comments/1qao3tr/any_good_couples_apps_youd_recommend/
Couple Joy,👫 Влияние на отношения,positive,"BondBeyond, Couple Joy, Paired, Cozy Couples",Limp-Report-4494,apps,https://www.reddit.com/r/apps/comments/1qao3tr/any_good_couples_apps_youd_recommend/
General / Общее,💬 Общение / Коммуникация,positive,"I haven’t really found a couples app that stuck long term either. Most of them felt either too “cute”, too gamified, or like something you have to actively maintain — which is usually the problem in the first place. That’s actually why I’m building a small one myself. Not to replace conversations, but to help start them when daily life makes it harder than it should. It’s called Idylle and it’s very intentionally minimal: no streak pressure, no therapy framing, no productivity vibe. Just light prompts when energy is low. Early beta here if you’re curious: https://idylle.app/en Curious to hear what you’ve tried that didn’t work for you.",ducdeswin,apps,https://www.reddit.com/r/apps/comments/1qao3tr/any_good_couples_apps_youd_recommend/
General / Общее,💬 Общение / Коммуникация,positive,"Most of them are pretty similar prompts, check-ins, little gamified things. They can be fun, but they only really help if both people actually engage with the conversations. To be honest I’m building a couples communication app focused more on guided, deeper conversations still early, so lighter on content than bigger apps, but that’s the direction we’re exploring. Even if you don’t use any app, the real win is setting aside intentional time to talk the tool just gives you a doorway.",black_fist_up,apps,https://www.reddit.com/r/apps/comments/1qao3tr/any_good_couples_apps_youd_recommend/
General / Общее,🎯 Активности / Игры / Квизы,positive,"Me and my partner started using Orbs ! It has many nice features, both for connection and productivity for couples. It has quizzes on different topics, a daily question for both of you to answer, mini games, widgets & more. We really enjoy using it",PunIntended777,apps,https://www.reddit.com/r/apps/comments/1qao3tr/any_good_couples_apps_youd_recommend/
Couple Joy,👫 Влияние на отношения,positive,Which one did you try already? Paired -> Questions BondBeyond -> Fix Communication & Trust Rebuild Couple Joy -> Long Distance & Memories Cozy Couples -> Games,Hot_Restaurant_8617,apps,https://www.reddit.com/r/apps/comments/1qao3tr/any_good_couples_apps_youd_recommend/
General / Общее,👫 Влияние на отношения,positive,"We are in a long-distance relationship and my boyfriend is building a chat-based app for couples. I helped with research on psychology. What we believe in and want to implement - are guided conversations, which ideally should be regular and supported by both partners. It's the idea we align with, to build a shared space through conversations. If you want to try, let us know what you think: littlefairy.app There are new updates and features that are coming soon, it's a still work-in-progress.",MostWarning5819,apps,https://www.reddit.com/r/apps/comments/1qao3tr/any_good_couples_apps_youd_recommend/
General / Общее,💬 Общение / Коммуникация,positive,"App called DailyQuest is a todo app my wife and I use almost every day. We can assign tasks to each other, check them off, and earn rewards. Simple and cute. We both are ios users, so not sure if it's in android store tho.",doobean,apps,https://www.reddit.com/r/apps/comments/1qao3tr/any_good_couples_apps_youd_recommend/
General / Общее,👫 Влияние на отношения,positive,"My partner and I tried a few couples apps just out of curiosity, and most didn’t really stick. Some felt too competitive, others a bit shallow. One we’ve actually kept using is NaughtyMatch. What we liked is that it’s structured in different levels, so you can keep things very light at first and gradually go deeper if you want. The more “spicy” or extreme levels are optional and paid, but honestly pretty affordable, and we liked that it doesn’t force anything you just unlock what feels right for you. overall it felt more like shared couple time than a game.",Zealousideal-West-46,apps,https://www.reddit.com/r/apps/comments/1qao3tr/any_good_couples_apps_youd_recommend/
General / Общее,💰 Цена / Подписка,positive,"Cutest Couple has a free 1 week trial to see if it works for you. It’s a cool mix of Personal Goals, Shared Goals, Wishes & Love Languages. https://cutestcouple.app",TrippyBlocks,apps,https://www.reddit.com/r/apps/comments/1qao3tr/any_good_couples_apps_youd_recommend/
General / Общее,👫 Влияние на отношения,positive,https://apps.apple.com/tr/app/petiverse-couple-pet-widget/id6753694438 Hi guys we made it an app for couples me and my girlfriend design this app I hope you will like this,ahmetsahan,apps,https://www.reddit.com/r/apps/comments/1qao3tr/any_good_couples_apps_youd_recommend/
General / Общее,💬 Общение / Коммуникация,positive,"A couple apps that I cannot recommend highly enough: DeepSeek and RedNote When discussing ""essential apps,"" the big names are WeChat, AliPay, Apple Maps, etc. I have two to add to this list, one of which is an absolute, essential life-saver, the other of which is really nice to have. Both of these are Chinese apps that work fine without a VPN. DeepSeek Let's say you're in a place where nobody speaks English, and there's something written in Chinese and you want to figure out what it means. You can use OCR translation on Apple Translate... or you can pull up DeepSeek. DeepSeek understands pretty much everything China-related, as it is trained on Chinese data. I have used DeepSeek to translate restaurant menus, WeChat mini-apps, museum displays, and more. You won't get half-coherent direct translations, you will get an in-depth, fluid explanation of whatever it is you want to know. As with all AI, there is a risk of data hallucination, and it' s not as fluid for conversation as WeChat or Apple translation, but when it's needed, it does a much better job than either of the above. You can also use DeepSeek for any questions about the practicalities of being in China, from laws and regulations to stuff you might be missing on your travel itinerary. RedNote (Xiaohongshu) This is less an essential lifesaver and more a really nice way to discover off the beaten path attractions. RedNote, for those who don't know, is a Chinese social media platform that is kind of a cross between Pinterest and Instagram. It is probably the most foreigner-friendly Chinese social media app as it is easy to get an account and has a really accurate translation algorithm. It's also popular with the Chinese upple middle class - the exact types who are most likely to be well-travelled domestically. I am currently gearing up for a Shandong vacation over Christmas break. A couple months ago I asked this group for travel advice in Shandong... and got total silence. Crickets. And I get why - if you are",jsfsmith,chinatravel,https://www.reddit.com/r/chinatravel/comments/1p3junc/a_couple_apps_that_i_cannot_recommend_highly/
General / Общее,⭐ Общее впечатление,positive,"I got XHS to learn more about travel in China but I ended up using it for domestic/other international travel and food advice, too. It recommended me good spots in my own country I'd never thought of, because XHS community is very informed 😂",cruciger,chinatravel,https://www.reddit.com/r/chinatravel/comments/1p3junc/a_couple_apps_that_i_cannot_recommend_highly/
General / Общее,📝 Без категории,positive,"I mean, of course you shouldn’t use it as your one and only source but it’s served me well for brainstorming several times. It also beats any translation app for explaining stuff, hands down. Which is why most of my post is about that and the “it’s not bad for finding itinerary ideas” is half a sentence at the bottom.",jsfsmith,chinatravel,https://www.reddit.com/r/chinatravel/comments/1p3junc/a_couple_apps_that_i_cannot_recommend_highly/
General / Общее,💬 Общение / Коммуникация,negative,"Every app steals your data, including the one we are using to have this conversation.",jsfsmith,chinatravel,https://www.reddit.com/r/chinatravel/comments/1p3junc/a_couple_apps_that_i_cannot_recommend_highly/
General / Общее,👫 Влияние на отношения,positive,"I am struggling to rebuild my self-worth after my ex-fiancé left me for a woman who seems to be a younger, smarter, prettier, and better version of myself. [REPOST] This was originally posted by u/ bestupdator a while ago. The post never got a lot of attention, and its interesting enough that I want to repost it. I haven't made any changes to Best's post except to add dates next to the post and update. I am not the OOP. That is u/ milochi . Reminder DO NOT CONTACT OOPs OR POST IN LINKED THREADS Link to Original Post *minor edits October 24 2019 Hi guys. I know it’s probably hard to believe given how nauseatingly pathetic I sound right now but before this happened, I really felt like a confident and content human being. Almost all of my current friends are mutual friends with my ex-fiancé so I don’t want to embroil them in this drama or compel anyone to “choose sides” or feel uncomfortable. So I guess I’m trying to turn to this community for solace and guidance because I’ve read a great deal of mature and grounded advice here. I hope this sounds somewhat coherent as I’ve currently locked myself in a conference room and shut the blinds so no one can see me cry as I type this. I was with my ex-fiancé for 7 years. He is the only romantic partner I’ve ever truly loved. I was completely, head-over-heels in love with him. Even now, after all this, I still feel that way about him. He is charming, goofy, kind, quick-witted, interesting, ambitious, and gorgeous. We got engaged 2 years ago but were not in a rush to get married. About a year ago, we began to seriously contemplate trying for a baby. We had lived together happily for 6 years, we had done all the travelling and partying we wanted to in our twenties, and we were excited to start our family. Over the next 6 months, he was much busier than normal but I didn’t think anything was wrong. I did my best to alleviate any extra stress he had (though I was experiencing some extra pressure at work too) by taking over all the ",boringhistoryfan,BestofRedditorUpdates,https://www.reddit.com/r/BestofRedditorUpdates/comments/1j7fqej/i_am_struggling_to_rebuild_my_selfworth_after_my/
General / Общее,👫 Влияние на отношения,negative,"And if he was ‘unhappy and had been unhappy for a long time’ But did absolutely nothing to figure out why he was unhappy, or made zero effort to work through things with her- No wonder the new relationship didn’t work. It might spark, but the new woman won’t be there to support him for months while work gets hectic. Or have years of in jokes. He couldn’t even bother to really talk to her about getting back together, just started drunk dialing",blueavole,BestofRedditorUpdates,https://www.reddit.com/r/BestofRedditorUpdates/comments/1j7fqej/i_am_struggling_to_rebuild_my_selfworth_after_my/
General / Общее,👫 Влияние на отношения,positive,"I think about this often as my husband and I approach 10 years married. The way people talked about marriage when I was growing up, I always thought love inevitably drained away over time and turned to resentment. I was scared when I met him and we were so so so into each other that it was the peak of our relationship, but nah. It's not particularly dramatic now, but it gets better and better.",stinky-peterson,BestofRedditorUpdates,https://www.reddit.com/r/BestofRedditorUpdates/comments/1j7fqej/i_am_struggling_to_rebuild_my_selfworth_after_my/
General / Общее,📱 UI/UX / Дизайн,negative,"Not for me, holiday me is always happy. It's when I get home that the crushing sadness that I was avoiding consumes me worse than before I left. There's quite a bit of research that's been done on post-holiday depression.",amylouise0185,BestofRedditorUpdates,https://www.reddit.com/r/BestofRedditorUpdates/comments/1j7fqej/i_am_struggling_to_rebuild_my_selfworth_after_my/
General / Общее,📝 Без категории,positive,"I say this all the time and no one gets the reference 😭😂😭😂, so happy to see this comment!",Legitimate-Tea6613,BestofRedditorUpdates,https://www.reddit.com/r/BestofRedditorUpdates/comments/1j7fqej/i_am_struggling_to_rebuild_my_selfworth_after_my/
General / Общее,👫 Влияние на отношения,negative,"I'm apparently very petty bc I was so happy his relationship failed. I suspect he cheated, at least emotionally, and at the very least, he lied about how he was feeling. I'm glad OP valued herself enough to move on and not rekindle their relationship.",Suitable-Biscotti,BestofRedditorUpdates,https://www.reddit.com/r/BestofRedditorUpdates/comments/1j7fqej/i_am_struggling_to_rebuild_my_selfworth_after_my/
General / Общее,⭐ Общее впечатление,positive,"I re-downloaded Instagram and went to his profile. His latest picture was him at his cousin's wedding with his arm around a gorgeous girl She met his relatives and a drunken uncle or messy cousin made her realize she was the side chick for what she assumed was the majority of their relationship. Or if she knew already, meeting her family was the reality check on how others that knew OOP saw her.",GlitterDoomsday,BestofRedditorUpdates,https://www.reddit.com/r/BestofRedditorUpdates/comments/1j7fqej/i_am_struggling_to_rebuild_my_selfworth_after_my/
General / Общее,📝 Без категории,neutral,"Yup. And also “Why did they break up?” If she’s a mini-OOP, wouldn’t that make you think “Gee, is the same thing just gonna happen to me in seven years (or less)?”",castfire,BestofRedditorUpdates,https://www.reddit.com/r/BestofRedditorUpdates/comments/1j7fqej/i_am_struggling_to_rebuild_my_selfworth_after_my/
General / Общее,👫 Влияние на отношения,negative,"It would be edifying for OP to hear what her replacement thinks about her - Junior wouldn't know that OP applied for the prestigious program she graduated from. She probably thinks ""this woman is who I want to be when I grow up. And this dip shit I'm dating kicked her to the curb?!""",LittleMsSavoirFaire,BestofRedditorUpdates,https://www.reddit.com/r/BestofRedditorUpdates/comments/1j7fqej/i_am_struggling_to_rebuild_my_selfworth_after_my/
General / Общее,👫 Влияние на отношения,positive,Chiming in to add that if this is what happened to to the younger girlfriend she likely had enough self awareness to realise that what had happened to OOP could / mostly would happen to HER in seven years’ time … when she begins to look more and more like OOP. And that’s hardly an appealing or heartwarming future to anticipate.,[deleted],BestofRedditorUpdates,https://www.reddit.com/r/BestofRedditorUpdates/comments/1j7fqej/i_am_struggling_to_rebuild_my_selfworth_after_my/
General / Общее,📝 Без категории,negative,Is it coincidence that she was more appealing to him after she got a big promotion? It's all about him and how shiny his arm candy looks. He's missing something on the inside.,FiberKitty,BestofRedditorUpdates,https://www.reddit.com/r/BestofRedditorUpdates/comments/1j7fqej/i_am_struggling_to_rebuild_my_selfworth_after_my/
General / Общее,🐛 Баги / Технические проблемы,negative,Yup. Exact thing happened with me an my ex. Its been 10 years but I still bump into him occasionally (same hobby) and at some point he always gets that face of sadness and regret. Not my problem.,7grendel,BestofRedditorUpdates,https://www.reddit.com/r/BestofRedditorUpdates/comments/1j7fqej/i_am_struggling_to_rebuild_my_selfworth_after_my/
General / Общее,📝 Без категории,negative,"Unfortunately I work in a news-adjacent field and had to read the news every day back then (still do), so I saw the slo-mo train wreck of a government response as it was happening and knew exactly how divided and fucked up we were/are. I agree that certain moments had many of us feeling united, but it was really surface-level and fragile.",__lavender,BestofRedditorUpdates,https://www.reddit.com/r/BestofRedditorUpdates/comments/1j7fqej/i_am_struggling_to_rebuild_my_selfworth_after_my/
General / Общее,👫 Влияние на отношения,positive,Could also have ended well. That's what happened to my short relationship in 2020 and now we have a house and two kids and we're doing well.,Personal_Special809,BestofRedditorUpdates,https://www.reddit.com/r/BestofRedditorUpdates/comments/1j7fqej/i_am_struggling_to_rebuild_my_selfworth_after_my/
General / Общее,👫 Влияние на отношения,negative,"The whole the new relationship isn't what it seems on social media thing reminds me of a story. I dated a guy for a bit (not seven years like OP!) and he pulled the ""I don't see this working out"" line out of nowhere. It was a little surprising. He then moved on pretty fast. I am not that active on social media but I happened to see a post with his new girlfriend. They were in a serious relationship maybe a month or two after we split. Anyway, maybe two years later I moved to a new state and was on a dating app. I saw a profile picture that was familiar. I was like ""oh shit, that is him."" I thought he must have broken up with his new girlfriend. So, out of curiosity I went back onto social media. The post that came up was them buying a house together. She was posting about them buying a house and he was actively on dating apps. He is such an idiot and I am glad he broke up with me.",Junior-Dingo-7764,BestofRedditorUpdates,https://www.reddit.com/r/BestofRedditorUpdates/comments/1j7fqej/i_am_struggling_to_rebuild_my_selfworth_after_my/
General / Общее,👫 Влияние на отношения,positive,"Yes and no actually. I'm in my 40s and there is something to be said about hitting your early 30s and wanting to ""settle down"", whatever that looks like for you. I know people who are the same age as me who decided that they wanted to get married and have kids in their 30s. There's a certain point where you just don't want to fuck around. You find a similar minded person with similar beliefs and mindsets and go from there. It is very abrupt, and it looks maybe not quite right, but from my anecdotal experience it usually turns out ok. I can name 4 girlfriends off of the top of my head right now where they got married in their 30s with men they'd dated for less than a year and they're still together and happy with their lives. I know 1 couple where this did not work out. Again, this is from a young GenX/old Millenial POV in SoCal.",ResidingAt42,BestofRedditorUpdates,https://www.reddit.com/r/BestofRedditorUpdates/comments/1j7fqej/i_am_struggling_to_rebuild_my_selfworth_after_my/
General / Общее,💰 Цена / Подписка,positive,"[Free Lifetime Access] [48 Hours Only] Moneko: The Shared Budget App for Couples & Friends To celebrate the launch of our new shared budgeting beta , we are giving away FREE Lifetime Premium Access to Moneko, the easiest way to manage shared budgets together without stress or spreadsheets. Ever been stuck on questions like… “How should we split dinner this time?” “Who paid for the last trip?” “How do we actually track what’s fair between us?” If you have ever felt that awkward pause when it comes to shared expenses, whether with your partner, roommate, or travel buddy, this is for you. With Moneko , you can split expenses, track goals, and log spending right from the app or even through WhatsApp . Why you’ll love it: 💑 Shared budgets for couples, friends, or groups 💬 Instant notifications when someone logs or splits an expense 📸 Add expenses by text or photo, Moneko detects and fills details automatically 🌍 Supports 35+ currencies, great for travel or long-distance couples 🤖 Smart AI sorting and spending insights 💾 Privacy first, no ads, no data selling How to claim your offer: Upvote this post ❤️ Comment “ Ready ” below 👉 I will DM you a link for the referral page Once you share your referral link and your friend joins, both of you get lifetime access for free . ⏳ Offer expires in 48 hours , do not miss it! Join our Discord to get instant support, referral help, and early feature updates. 💜 We’d love to have you in the community. submitted by /u/Internal_Media1063 to r/iosapps [link] [comments]",Internal_Media1063,iosapps,https://www.reddit.com/r/iosapps/comments/1oq4tk0/free_lifetime_access_48_hours_only_moneko_the/
General / Общее,🐛 Баги / Технические проблемы,negative,"I have a problem, app after launching is not working, just grey color and that's it.. :(",yesimtherealeksen,iosapps,https://www.reddit.com/r/iosapps/comments/1oq4tk0/free_lifetime_access_48_hours_only_moneko_the/
General / Общее,📱 UI/UX / Дизайн,positive,like the app design.,Miserable-Tie-1199,iosapps,https://www.reddit.com/r/iosapps/comments/1oq4tk0/free_lifetime_access_48_hours_only_moneko_the/
General / Общее,💬 Общение / Коммуникация,positive,"Going long distance this year. Curious if couples apps are worth it. My partner and I are going long distance this year and I’m a bit on the fence about couples apps. We already text and call a lot, so I’m not looking for anything life-changing. Just wondering if there’s something that helps you feel a bit more connected day to day, or if most of these apps end up getting deleted after a week. If you’ve tried any while doing long distance, would love to hear what you thought. submitted by /u/CashSlow2482 to r/LongDistance [link] [comments]",CashSlow2482,LongDistance,https://www.reddit.com/r/LongDistance/comments/1q4bbji/going_long_distance_this_year_curious_if_couples/
General / Общее,💬 Общение / Коммуникация,positive,"We tried a few different ones last year. Off the top of my head, these were the ones we spent the most time with: Cozy Couple : kind of an all-in-one couples app with reminders, shared activities, and small features Riamo : more conversation and prompt-based, pretty low pressure and not overly gamified Paired : lots of questions and quizzes, good for sparking conversations Love Nudge : focused more on communication styles and love languages Evergreen : more reflective and check-in oriented, less flashy but thoughtful Most of these apps are fun at first, but it really depends on what kind of interaction you’re looking for.",Exotic_Lawfulness_16,LongDistance,https://www.reddit.com/r/LongDistance/comments/1q4bbji/going_long_distance_this_year_curious_if_couples/
General / Общее,💰 Цена / Подписка,positive,No I think some of them were free apps,Exotic_Lawfulness_16,LongDistance,https://www.reddit.com/r/LongDistance/comments/1q4bbji/going_long_distance_this_year_curious_if_couples/
General / Общее,📝 Без категории,positive,Did you tried LovBirdz ? Would be nice to have your mind about it!,Tiroolyi,LongDistance,https://www.reddit.com/r/LongDistance/comments/1q4bbji/going_long_distance_this_year_curious_if_couples/
General / Общее,🎯 Активности / Игры / Квизы,positive,"I’ll give you the keys to success, download Paired. Disclosure, I think it’s $29.99 for a one time fee. But the app is fantastic. Constantly asks serious relationship questions (like comparability with sex, finances, holidays, etc), gives you couples quizzes on comparability, and allows you to set major events, upcoming events, and milestones I check it every morning, and do my “daily challenges”. So does my SO. then I read our answers over my lunch break, and we chat about them over our nightly phone calls For real, it’s worth the money haha. We do it everyday!",CloggedAssassin,LongDistance,https://www.reddit.com/r/LongDistance/comments/1q4bbji/going_long_distance_this_year_curious_if_couples/
General / Общее,⭐ Общее впечатление,positive,"Well yall asked for add recommendations, and I gave it. Idk how to word it better I swear im so close to leaving this sub",CloggedAssassin,LongDistance,https://www.reddit.com/r/LongDistance/comments/1q4bbji/going_long_distance_this_year_curious_if_couples/
General / Общее,💰 Цена / Подписка,neutral,"Just downloaded it and I don't see a one time fee, only subscription, did this change recently?",MalikVonLuzon,LongDistance,https://www.reddit.com/r/LongDistance/comments/1q4bbji/going_long_distance_this_year_curious_if_couples/
General / Общее,🎯 Активности / Игры / Квизы,positive,Get the app wavelength! So fun to play virtually,Forward-Duck8915,LongDistance,https://www.reddit.com/r/LongDistance/comments/1q4bbji/going_long_distance_this_year_curious_if_couples/
General / Общее,🎯 Активности / Игры / Квизы,positive,"When me and my partner were long distance the app we had for the longest was pengu!! It’s not much but it is pretty cute and funny. Honestly though, most of those apps cost money to fully access the content so imo it’s not worth it. Our go to was usually those couple quizzes and slideshows where they ask questions about your partner on ig reels lmao. But def checkout pengu!!",Possible-Wishbone504,LongDistance,https://www.reddit.com/r/LongDistance/comments/1q4bbji/going_long_distance_this_year_curious_if_couples/
General / Общее,💰 Цена / Подписка,positive,We’ve been using “couple tree” for a few months now. It’s not amazing quality but it’s cute and (most importantly to me) free! We also tired “paired” but found it was a bit too intense for us.,noppppp8567433112321,LongDistance,https://www.reddit.com/r/LongDistance/comments/1q4bbji/going_long_distance_this_year_curious_if_couples/
General / Общее,💬 Общение / Коммуникация,positive,Another app that is worth looking into especially if there’s a big timezone difference is Marco Polo. It’s so you can leave video messages back and forth like a walkie-talkie.,Yanimac,LongDistance,https://www.reddit.com/r/LongDistance/comments/1q4bbji/going_long_distance_this_year_curious_if_couples/
General / Общее,👫 Влияние на отношения,neutral,"We downloaded a lot of couple apps. None of them worked for us. If anything, the most interactive bonding we do as a couple is managing our farm in Stardew valley and keeping up a Duolingo streak",Adept-Advertising-10,LongDistance,https://www.reddit.com/r/LongDistance/comments/1q4bbji/going_long_distance_this_year_curious_if_couples/
General / Общее,📅 Планирование / Календарь,positive,"We've been using SumOne for over a a year now. It has daily questions and a shared calendar, those are probably my favourite things. There are also extra question packs, a decorating aspect, anniversary trackers, bucketlist etc. We've been using the free version, the paid version removed ads, though they aren't that bad even when paid, most are optional.",Annabloem,LongDistance,https://www.reddit.com/r/LongDistance/comments/1q4bbji/going_long_distance_this_year_curious_if_couples/
General / Общее,💰 Цена / Подписка,positive,Yes we used paired and it helps us to continue to learn new things with one another and sometimes on call we will go more into depth. The journeys they have are very helpful. They have actual therapist thoughts and statistics to help you through that portion of the journey that you choose to do together on the app. I have a ticket that will give you a free look at the premium version of the app. Just let me know :),Roxy_le_doge,LongDistance,https://www.reddit.com/r/LongDistance/comments/1q4bbji/going_long_distance_this_year_curious_if_couples/
General / Общее,👫 Влияние на отношения,positive,"Do these apps work only in English ? My girlfriend only speaks Portuguese and we communicate completely on WhatsApp. How would these apps work with being on WhatsApp? There is no other way we can communicate. Would these apps be worth it for us? She also gets frustrated easily with things due to her fibromyalgia and tiring easily so I don’t know if these apps would really help us or not . I also don’t like the idea of paying for the service and doing silly activities like drawing or watering plants . We are both very serious people and don’t like doing nonsense like that soooo I’m Thinking no. We have been together for a little over three years and we’ll meet soon in two years. We generally don’t run out of things to talk about but if I could find one that is free, compatible with WhatsApp, and can work with two couples who don’t speak each others language I might give it a go . Also I would have to convince her that this could be fun which may not be easy . Any suggestions? Or answers ?",Moderntalking2025,LongDistance,https://www.reddit.com/r/LongDistance/comments/1q4bbji/going_long_distance_this_year_curious_if_couples/
General / Общее,🎯 Активности / Игры / Квизы,positive,We also don’t like to play these silly online bs games : we never run out of things to talk about . I also won’t pay to make the app creators more wealthy .,Moderntalking2025,LongDistance,https://www.reddit.com/r/LongDistance/comments/1q4bbji/going_long_distance_this_year_curious_if_couples/
General / Общее,👫 Влияние на отношения,positive,"In my experience, couples apps are cute at first but inevitably, one partner gets bored of them. As much as i try and connect in various different ways, i thought couples apps would help - they did not and became less and less used by my wife and therefore I used them less and less. They may work for you though so play around with free trials before you buy anything. Good luck",EnvyUnoXo,LongDistance,https://www.reddit.com/r/LongDistance/comments/1q4bbji/going_long_distance_this_year_curious_if_couples/
General / Общее,🎯 Активности / Игры / Квизы,positive,"I'm making a video calling app https://funcalling.com/ with mini games built in (word games, drawing games, board games, and some motion capture games). It's on the web so you can join using your phone or PC. Try it out and I'm open to feedback!",hotdog147,LongDistance,https://www.reddit.com/r/LongDistance/comments/1q4bbji/going_long_distance_this_year_curious_if_couples/
General / Общее,💰 Цена / Подписка,positive,"Honestly I’ve found some of these to be really cringey, but am coming from a new LDR (though we have known one another for 17 years, went to prom together, always had a thing but at the wrong time).. it could just be the names of some of these apps, but I swear I chewed off a full thumbs worth of skin reading the titles 😂",chandanth10,LongDistance,https://www.reddit.com/r/LongDistance/comments/1q4bbji/going_long_distance_this_year_curious_if_couples/
General / Общее,🎯 Активности / Игры / Квизы,positive,"If you’re still looking for an app to try, I just launched Grow Together. Most features are free. It has quizzes, games, stories, a chat, a journal with a gallery and some more features. Would love to hear an opinion ❤️ iOS: https://apps.apple.com/ro/app/grow-together-couples-app/id6754561070 Android: https://play.google.com/store/apps/details?id=com.parova.growtogether",Girl-Dev,LongDistance,https://www.reddit.com/r/LongDistance/comments/1q4bbji/going_long_distance_this_year_curious_if_couples/
General / Общее,❤️ Близость / Интимность,positive,"in terms of keeping the spice, me and my long distance partner love this erotica app that allows you to write custom sex stories featuring you and your partner. we love writing kinky stories for each other (more like i influenced him lol)",Majestic_Tale_1771,LongDistance,https://www.reddit.com/r/LongDistance/comments/1q4bbji/going_long_distance_this_year_curious_if_couples/
Couple Joy,👫 Влияние на отношения,positive,"yeah sometimes apps for long-distance couples can be super hit or miss, but honestly some of them actually help keep the vibe alive personally we tried a few and what helped most was this one called couple joy that i found like 3 months ago. it’s got these daily quizzes and little couple things you can do together even when miles apart, and it has widgets where you can leave short messages and one that shows how far you are from each other. sounds kinda silly but seeing those tiny reminders every day kinda makes it feel less empty",recoletaflower,LongDistance,https://www.reddit.com/r/LongDistance/comments/1q4bbji/going_long_distance_this_year_curious_if_couples/
General / Общее,🎯 Активности / Игры / Квизы,positive,"i think they definitely are, i tried a lot and my favorite long distance couple app is the candle app! it is also very good for in person/married couples too. everyday it gives you one random challenge, it could be a funny q, debate topic, date idea, drawing or photo challenge, and we're already on a 74 day streak :) Candle: https://www.trycandle.app/",Effective-Coconut231,LongDistance,https://www.reddit.com/r/LongDistance/comments/1q4bbji/going_long_distance_this_year_curious_if_couples/
General / Общее,⭐ Общее впечатление,positive,"I'm working on a photo journal app for couples, and I think this would be helpful to you. It's like 'Instagram for Couples', so it really focuses on photo sharing with zero distractions. If you are interested in, or at least want to check out UI, visit here !",hleefromplus82,LongDistance,https://www.reddit.com/r/LongDistance/comments/1q4bbji/going_long_distance_this_year_curious_if_couples/
General / Общее,🎯 Активности / Игры / Квизы,positive,"I'm designing the app carefully, cuz I don't want the app to be felt like homework or just a hype, or a game. Hope the app could help your LDR!",hleefromplus82,LongDistance,https://www.reddit.com/r/LongDistance/comments/1q4bbji/going_long_distance_this_year_curious_if_couples/
General / Общее,👫 Влияние на отношения,positive,"Relaunching a couples app (87K downloads) 20% equity for $5.3K to cover server and scale costs I built a couples app early this year as a personal project. It connects two partners with features like synced video watching, games, trivia, truth or dare, photo memories, and a cooking contest e.t.c. It’s made for long-distance couples By August it reached 87.9K downloads. The synced video feature was the most used, but the server costs got high. I wasn’t ready for that kind of growth, so I had to take it down Now I’ve rebuilt it with subscriptions, light ads, and better scaling. I’m about 80% done adding new features and optimizations, and everything should be ready within the next 20 days before relaunch I only need $5,300 for 20% equity to cover server costs and the relaunch budget. I still have access to 89K previous users database and plan to relaunch on December 20th before Valentine’s season It grew fast because when one person downloads, they invite another. I believe it can take off again. If anyone has another proposal, I’m open to listen. submitted by /u/Top_Relationship187 to r/Investors [link] [comments]",Top_Relationship187,Investors,https://www.reddit.com/r/Investors/comments/1otxb9r/relaunching_a_couples_app_87k_downloads_20_equity/
General / Общее,📝 Без категории,positive,Why don't you monetize the apps? Offer a one-time special for $0.99 - lifetime use.,WifiBlunder,Investors,https://www.reddit.com/r/Investors/comments/1otxb9r/relaunching_a_couples_app_87k_downloads_20_equity/
General / Общее,💰 Цена / Подписка,positive,They already mentioned that they added subscriptions which is way better than a one time payment just install the app,PanderzzzzMK,Investors,https://www.reddit.com/r/Investors/comments/1otxb9r/relaunching_a_couples_app_87k_downloads_20_equity/
General / Общее,👫 Влияние на отношения,positive,"Offering 20% equity for $5.3K on an app with 87K downloads sounds fair to cover server costs and scaling. Strong viral growth and user base give it great potential, ready for relaunch timing.",MurkCFCP,Investors,https://www.reddit.com/r/Investors/comments/1otxb9r/relaunching_a_couples_app_87k_downloads_20_equity/
General / Общее,👫 Влияние на отношения,neutral,"Oh dude, if it’s income you’re after, we should partner up! I also run a couples app, though slightly different. I’ll DM you.",inexdesain,Investors,https://www.reddit.com/r/Investors/comments/1otxb9r/relaunching_a_couples_app_87k_downloads_20_equity/
General / Общее,💬 Общение / Коммуникация,neutral,what's the payback period? what's the app called? are you on this list https://cupla.app/blog/11-must-have-apps-for-long-distance-couples/,gregb_parkingaccess,Investors,https://www.reddit.com/r/Investors/comments/1otxb9r/relaunching_a_couples_app_87k_downloads_20_equity/
General / Общее,📝 Без категории,positive,Good app let me know once it’s ready again would like to try,Strong_Objective_663,Investors,https://www.reddit.com/r/Investors/comments/1otxb9r/relaunching_a_couples_app_87k_downloads_20_equity/
General / Общее,📝 Без категории,neutral,What’s the name of the app,Technical-Cap8528,Investors,https://www.reddit.com/r/Investors/comments/1otxb9r/relaunching_a_couples_app_87k_downloads_20_equity/
General / Общее,💬 Общение / Коммуникация,neutral,Whats the app called?,kyoayo90,Investors,https://www.reddit.com/r/Investors/comments/1otxb9r/relaunching_a_couples_app_87k_downloads_20_equity/
General / Общее,⭐ Общее впечатление,negative,"$5,300 for 20% equity seems like a steal! were you able to monetise with 89K downloads?",avalanche-43,Investors,https://www.reddit.com/r/Investors/comments/1otxb9r/relaunching_a_couples_app_87k_downloads_20_equity/
General / Общее,👫 Влияние на отношения,positive,"Do relationship apps actually help couples communicate better - or make things worse? I keep seeing more relationship apps lately claiming they can “improve communication,” strengthen emotional bonds, give structured check-ins, and so on. On paper it all sounds gre⁤at - but I’m wondering how this actually wor⁤ks for real couples. For anyone who’s tried them: Did the app actually help you talk about things you’d normally skip or avoid? Or did it feel forced, artificial, or even bring up tension you weren’t expecting? Did it add pressure (“we have to do today’s prompt”) or did it genuinely make things easier? And do these apps wo⁤rk better for long-term couples, newer relationships, or LDRs? I’d love to hear real experiences - good, bad, or mixed - because the marketing always makes it sound like a miracle fix. submitted by /u/Lazy_killer9999 to r/apps [link] [comments]",Lazy_killer9999,apps,https://www.reddit.com/r/apps/comments/1q2lwcz/do_relationship_apps_actually_help_couples/
General / Общее,👫 Влияние на отношения,negative,"I tried a few relationship apps out of curiosity and most were more hype than helpful. Rela⁤tionShift didn’t fix anything, but some prompts made it easier to bring up stuff we usually avoid. A few prompts were awkward, so we skipped them. Not therapy, but as a low-effort way to shake up repetitive convos (especially LDR), it did the job.",TieGlass8983,apps,https://www.reddit.com/r/apps/comments/1q2lwcz/do_relationship_apps_actually_help_couples/
General / Общее,💬 Общение / Коммуникация,positive,"My wife and I (both mid-30s, LDR) tried a few apps over the years some felt like homework, others were just gimmicky. But LovBirdz actually stuck for us. It’s not therapy or a chore; just a low-stakes game with daily questions and occasional events. The difference? It doesn’t force deep dives unless you want to. Some prompts are silly, some spark real conversations we wouldn’t have had otherwise (e.g., ‘What’s a small thing I do that you secretly love?’). No pressure to ‘complete’ anything, so it never feels like an obligation. For context: We’re long-term (8+ years), and it works because it’s optional fun, not a relationship to-do list. LDRs might benefit most, since it gives you a reason to connect beyond ‘How was your day?’. That said, mileage varies. If you’re already struggling with communication, no app replaces actual work. But if you just want a light way to stay engaged? Surprisingly effective. (And fwiw, we’ve never hit a prompt that caused tension—just a few eye-rolls at the cheesy ones.)",Visual-Evening5807,apps,https://www.reddit.com/r/apps/comments/1q2lwcz/do_relationship_apps_actually_help_couples/
General / Общее,💬 Общение / Коммуникация,positive,"I get what you mean about it sounding a little too good to be true. My partner and I tried a platform that actually uses science-backed modules tailored to our personalities, and it really helped us open up about stuff we usually avoided without feeling forced or pressured. It kind of met us where we were, whether we were dealing with long-term issues or just smoothing out communication bumps.",Ok_Bowl3897,apps,https://www.reddit.com/r/apps/comments/1q2lwcz/do_relationship_apps_actually_help_couples/
General / Общее,👫 Влияние на отношения,positive,"The couples communication apps like BondBeyond would allow you to better understand your partner because it allows you to define specific areas of your relationship, areas like honesty, trust, and intimacy or more. For each area, you can define importance and fulfilment. Also you can suggest what you would want to improve. This allows you and your partner to be on the same page and know what is working and what needs your nurturing. So answer your question. Yes, it definitely helps with communication.",Hot_Restaurant_8617,apps,https://www.reddit.com/r/apps/comments/1q2lwcz/do_relationship_apps_actually_help_couples/
